animal_id,start_date,end_date,test_days,start_weight_g,end_weight_g,total_feed_g,AGE,ADG_g_lm,ADG_r2,ADG_pval,ADFI_g_lm,ADFI_r2,ADFI_pval,FCR_lm
ID001,2025-09-16,2025-12-24,100,40403.6947349457,127521.826388137,273436.811459453,,1015.39808286706,0.993824909998018,0.000000000000000000000000000000000000000000000000000000000000000000000000000000000000000000000000000000000000568790533587952,2892.74569091189,0.990512161233252,0.000000000000000000000000000000000000000000000000000000000000000000000000000000000000000000000000000633981857227261,2.8488784248479
ID002,2025-09-17,2025-12-22,97,41620.4445542652,132649.222551481,191234.95720236,,1040.73329073896,0.993499540758228,0.00000000000000000000000000000000000000000000000000000000000000000000000000000000000000000000000000000000106699934980683,1903.08867123981,0.910815224346526,0.0000000000000000000000000000000000000000000000000011765010776705,1.82860362801361
ID004,2025-09-20,2025-12-22,94,32700.4678644666,120688.45065664,215161.630523999,,1006.25641312478,0.993296236679326,0.0000000000000000000000000000000000000000000000000000000000000000000000000000000000000000000000000000085301055867232,2274.65024674763,0.951873520167448,0.0000000000000000000000000000000000000000000000000000000000000208454638365863,2.26050757747127
ID005,2025-09-17,2025-12-22,97,33950,108516.459288863,227887.780457127,,838.09554296656,0.99447533358114,0.000000000000000000000000000000000000000000000000000000000000000000000000000000000000000000000000000000000000470599419622867,2503.5662800445,0.99148976207612,0.000000000000000000000000000000000000000000000000000000000000000000000000000000000000000000000000000385463895160703,2.98720867931449
ID006,2025-09-17,2025-12-24,99,32543.8193183695,128614.285714286,262316.664566626,,1074.8950523,0.997447894353132,0.00000000000000000000000000000000000000000000000000000000000000000000000000000000000000000000000000000000000000000000000000000276281731567531,2806.68793907824,0.982212499077339,0.0000000000000000000000000000000000000000000000000000000000000000000000000000000000000829865010197474,2.6111274147859
ID007,2025-09-15,2025-12-22,99,30060.9382454981,116010.827630751,220405.172232125,,959.412030432962,0.996630896341007,0.00000000000000000000000000000000000000000000000000000000000000000000000000000000000000000000000000000000000000000000051063925835319,2483.74979184356,0.996813866634647,0.000000000000000000000000000000000000000000000000000000000000000000000000000000000000000000000000000000000000000000209128904805598,2.58882493971094
ID015,2025-09-17,2025-12-24,99,30195.0467044528,125362.629025897,247053.968679127,,1045.03667949881,0.994562230114505,0.000000000000000000000000000000000000000000000000000000000000000000000000000000000000000000000000000000000561542648793692,2722.16331727956,0.994293284605072,0.00000000000000000000000000000000000000000000000000000000000000000000000000000000000000000000000000000000517425823279439,2.60484954325727
ID019,2025-09-12,2025-12-24,104,29054.130150697,124166.666666667,273227.177236276,,1023.23364167958,0.995521366644119,0.000000000000000000000000000000000000000000000000000000000000000000000000000000000000000000000000000000000000000000000000127629918996532,2801.08553395456,0.994442228287794,0.0000000000000000000000000000000000000000000000000000000000000000000000000000000000000000000000000000000000000000000077214405851255,2.73748381587292
ID020,2025-09-14,2025-12-26,104,28040,112642.857142857,226068.755734023,,880.521365126772,0.986781767563933,0.000000000000000000000000000000000000000000000000000000000000000000000000000000000000000000000000120019461642535,2236.11188704769,0.969567986589829,0.000000000000000000000000000000000000000000000000000000000000000000000000000000357289667094236,2.53953166340915
ID021,2025-09-12,2025-12-26,106,20933.7240057115,117895.238095238,264848.44939081,,1000.85084160401,0.99503893036163,0.000000000000000000000000000000000000000000000000000000000000000000000000000000000000000000000000000000000000000000000000115705972988969,2647.2117642873,0.976950617933026,0.00000000000000000000000000000000000000000000000000000000000000000000000000000000000000569677975002988,2.64496132115426
ID022,2025-09-19,2025-12-22,95,33941.6666666667,113200,301719.569648368,,941.560416925207,0.994492428594267,0.0000000000000000000000000000000000000000000000000000000000000000000000000000000000000000000000000000000000745334877043254,3319.85359480763,0.998356038145324,0.0000000000000000000000000000000000000000000000000000000000000000000000000000000000000000000000000000000000000000000000000000000000285658160736243,3.52590607584064
ID026,2025-09-17,2025-12-24,99,32042.3757434651,131550.220608215,296521.96836058,,1115.89124516298,0.997007043704227,0.00000000000000000000000000000000000000000000000000000000000000000000000000000000000000000000000000000000000000000000000000579600941630701,3133.81860976419,0.990433306982865,0.0000000000000000000000000000000000000000000000000000000000000000000000000000000000000000000000000097338872727526,2.80835486732982
ID027,2025-09-12,2025-12-24,104,38630.873917553,125581.314430811,268377.816463603,,962.375379760113,0.996345577574566,0.00000000000000000000000000000000000000000000000000000000000000000000000000000000000000000000000000000000000000000000000000000399127216628703,2632.20421899642,0.991045385685011,0.00000000000000000000000000000000000000000000000000000000000000000000000000000000000000000000000000000000028371492815975,2.73511176029102
ID028,2025-09-12,2025-12-26,106,27840,107266.666666667,211670.664566626,,829.442470143876,0.988047003589979,0.000000000000000000000000000000000000000000000000000000000000000000000000000000000000000000000000000708683760515231,2040.33491368045,0.974736841380521,0.0000000000000000000000000000000000000000000000000000000000000000000000000000000000268468775989568,2.45988719787465
ID029,2025-09-17,2025-12-22,97,38107.63505296,131591.666666667,170723.300043092,,1069.84688156172,0.990118981083685,0.0000000000000000000000000000000000000000000000000000000000000000000000000000000000000000000000475250219417916,1636.88483154466,0.864517918205459,0.00000000000000000000000000000000000000000380134372469658,1.53001785559743
ID030,2025-09-13,2025-12-26,105,27828.863720733,128095.073707602,283144.828971352,,1063.90521037814,0.994096265554152,0.0000000000000000000000000000000000000000000000000000000000000000000000000000000000000000000000000000000000000000000128457513727002,2878.9406232966,0.99019806509262,0.0000000000000000000000000000000000000000000000000000000000000000000000000000000000000000000000000000000028127025677223,2.70601233569799
ID031,2025-09-19,2025-12-26,99,28683.1850589092,112653.111185091,227686.004868617,,943.490726469967,0.995833469920705,0.0000000000000000000000000000000000000000000000000000000000000000000000000000000000000000000000000000000000000000110792749800072,2427.49868847041,0.993264610337546,0.0000000000000000000000000000000000000000000000000000000000000000000000000000000000000000000000000000000705839710999139,2.57289088314922
ID033,2025-09-13,2025-12-24,103,30331.7366021149,111858.333333333,240653.601287787,,875.791069385373,0.995620437619685,0.000000000000000000000000000000000000000000000000000000000000000000000000000000000000000000000000000000000000000000000142817174580716,2408.69288768534,0.977582381108623,0.0000000000000000000000000000000000000000000000000000000000000000000000000000000000182822604196067,2.75030537748662
ID034,2025-09-20,2025-12-22,94,30509.0909090909,110164.285714286,270509.753184764,,929.802549597857,0.995041930518104,0.00000000000000000000000000000000000000000000000000000000000000000000000000000000000000000000000000000000000802236303085217,2989.64849278605,0.999331064558932,0.000000000000000000000000000000000000000000000000000000000000000000000000000000000000000000000000000000000000000000000000000000000000000000000000000770338697074371,3.21535845871694
ID035,2025-09-13,2025-12-26,105,28049.7680792649,108784.210526316,232668.056978718,,860.34490521109,0.995284867079542,0.000000000000000000000000000000000000000000000000000000000000000000000000000000000000000000000000000000000000000000000000120340545067373,2374.53059942173,0.992037944393099,0.0000000000000000000000000000000000000000000000000000000000000000000000000000000000000000000000000000000000000629460016167956,2.75997519720202
ID036,2025-09-17,2025-12-22,97,38621.2353898706,124585.541551226,146256.87599158,,990.906772560308,0.990091317066122,0.00000000000000000000000000000000000000000000000000000000000000000000000000000000000000000000000535904026439645,1447.40816619508,0.905429956117986,0.0000000000000000000000000000000000000000000000000624800230462357,1.46069055765485
ID038,2025-09-17,2025-12-24,99,32550,123303.571428571,246774.392412092,,1007.30958956889,0.996683770472897,0.000000000000000000000000000000000000000000000000000000000000000000000000000000000000000000000000000000000000000000000000796746166412198,2656.70062839162,0.987371378997332,0.0000000000000000000000000000000000000000000000000000000000000000000000000000000000000000000059904740751239,2.63742215491925
ID040,2025-09-19,2025-12-22,95,40508.012178506,139828.571428571,369896.835485384,,1160.02452191582,0.99751119993587,0.00000000000000000000000000000000000000000000000000000000000000000000000000000000000000000000000000000000000000000000000000677011877329666,4136.96372105632,0.99857448209078,0.0000000000000000000000000000000000000000000000000000000000000000000000000000000000000000000000000000000000000000000000000000000000000377193251441032,3.56627264587818
ID041,2025-09-13,2025-12-24,103,35657.4850860538,120753.959179922,261860.664566626,,920.954473379484,0.998149547097012,0.0000000000000000000000000000000000000000000000000000000000000000000000000000000000000000000000000000000000000000000000000000000000000000000788205759882729,2596.04320178952,0.991107347956136,0.00000000000000000000000000000000000000000000000000000000000000000000000000000000000000000000000000000000212171404624321,2.81886160155476
ID043,2025-09-12,2025-12-22,102,28880,114783.333333333,269365.48103023,,959.406750703903,0.992725095284869,0.0000000000000000000000000000000000000000000000000000000000000000000000000000000000000000000000000000000000116153309912719,2734.05500599558,0.97907911701915,0.000000000000000000000000000000000000000000000000000000000000000000000000000000000000597359207033841,2.84973500967096
ID044,2025-09-17,2025-12-24,99,32563.6363636364,137906.944444444,292232.240515115,,1152.44736196468,0.995060456942186,0.000000000000000000000000000000000000000000000000000000000000000000000000000000000000000000000000000000000000000161321400973273,3150.0225854121,0.987290331083774,0.00000000000000000000000000000000000000000000000000000000000000000000000000000000000000000000814399342853409,2.73333315635516
ID045,2025-09-17,2025-12-24,99,29199.6114451701,113722.796677866,229658.664566626,,907.075407219332,0.992153925963227,0.000000000000000000000000000000000000000000000000000000000000000000000000000000000000000000000000000000715589920131497,2411.16305562969,0.988790733597968,0.0000000000000000000000000000000000000000000000000000000000000000000000000000000000000000000000195783565113759,2.65817266837956
ID046,2025-09-17,2025-12-24,99,39818.3270892933,134094.969228988,281984.968360581,,1032.71794839226,0.994217376301021,0.000000000000000000000000000000000000000000000000000000000000000000000000000000000000000000000000000000000000311102691353425,2924.29160407893,0.987570172495013,0.00000000000000000000000000000000000000000000000000000000000000000000000000000000000000000000279678210925139,2.83164595776754
ID047,2025-09-12,2025-12-21,101,26580.9091714723,106883.333333333,220362.13133159,,933.105408627179,0.990951807083577,0.0000000000000000000000000000000000000000000000000000000000000000000000000000000000000000000000000070885304988548,2507.70870460302,0.98481506220921,0.0000000000000000000000000000000000000000000000000000000000000000000000000000000000000226719378555739,2.68748705282124
ID051,2025-09-12,2025-12-26,106,24232.6974356418,128176.369892791,297193.512669649,,1106.47166227096,0.994181062540191,0.0000000000000000000000000000000000000000000000000000000000000000000000000000000000000000000000000000000000000000000004629078729709,3012.86888415995,0.977133760387117,0.00000000000000000000000000000000000000000000000000000000000000000000000000000000000000376212828596531,2.72295169130336
ID052,2025-09-13,2025-12-24,103,31100,122566.442148628,288269.208875695,,1014.28350399068,0.994717700066926,0.00000000000000000000000000000000000000000000000000000000000000000000000000000000000000000000000000000000000000000000798723533838719,2976.67386984362,0.992866129085592,0.0000000000000000000000000000000000000000000000000000000000000000000000000000000000000000000000000000000000000311281794972766,2.93475528107473
ID053,2025-09-13,2025-12-25,104,33520.8370882389,119175,234999.724094603,,916.469150812849,0.992863767812399,0.00000000000000000000000000000000000000000000000000000000000000000000000000000000000000000000000000000000000000266083703419889,2355.25662850687,0.974600309915582,0.0000000000000000000000000000000000000000000000000000000000000000000000000000000000353429507264081,2.56992461384861
ID055,2025-09-17,2025-12-22,97,30457.9037370208,113032.746057528,166573.72561962,,984.321345365744,0.987263315458339,0.000000000000000000000000000000000000000000000000000000000000000000000000000000000000000000715478718318464,1740.48303271941,0.904382731512252,0.000000000000000000000000000000000000000000000000104900031634696,1.7682061258894
ID057,2025-09-19,2025-12-22,95,40833.3333333333,128800,345053.1522223,,1096.87480042567,0.987566378995053,0.0000000000000000000000000000000000000000000000000000000000000000000000000000000000000000187506138101649,4001.05224006464,0.99438358402466,0.0000000000000000000000000000000000000000000000000000000000000000000000000000000000000000000000000000000024842150804121,3.64768361759422
ID059,2025-09-17,2025-12-22,97,31822.7277126662,117166.666666667,129909.909129979,,961.822109842877,0.993369257667383,0.0000000000000000000000000000000000000000000000000000000000000000000000000000000000000000000000000000636381659361331,1224.10147231676,0.911842730961698,0.0000000000000000000000000000000000000000000000000891375687059445,1.27269009496644
ID060,2025-09-12,2025-12-26,106,27455.3907230776,119390,264795.54527331,,975.769676706786,0.994187217976648,0.0000000000000000000000000000000000000000000000000000000000000000000000000000000000000000000000000000000000000000000761032062176402,2725.64512331701,0.98707314162119,0.0000000000000000000000000000000000000000000000000000000000000000000000000000000000000000000000000385024833491035,2.79332837285541
ID062,2025-09-19,2025-12-26,99,34670.7760402514,114254.861645853,241757.567193476,,887.572372883871,0.99550827548661,0.000000000000000000000000000000000000000000000000000000000000000000000000000000000000000000000000000000000000000378961025135439,2595.14084258321,0.997661145590145,0.0000000000000000000000000000000000000000000000000000000000000000000000000000000000000000000000000000000000000000000000000000181079314637164,2.92386392576773
ID063,2025-10-09,2025-12-26,79,42925,119729.895147685,207733.808913221,,1045.36130525491,0.990254673680124,0.000000000000000000000000000000000000000000000000000000000000000000000000000000337301300013197,2707.6283357069,0.988732848322283,0.0000000000000000000000000000000000000000000000000000000000000000000000000000900589765108147,2.59013636921127
ID064,2025-09-17,2025-12-21,96,34733.3333333333,137690.440111129,218139.060775433,,1136.44802399103,0.992254615321903,0.0000000000000000000000000000000000000000000000000000000000000000000000000000000000000000000000000000502221008010935,2265.29916416478,0.935153999161534,0.00000000000000000000000000000000000000000000000000000000122173407860488,1.9933152386586
ID066,2025-09-17,2025-12-24,99,34790.2627857214,114820,246223.088618138,,921.213116099737,0.99659844345796,0.000000000000000000000000000000000000000000000000000000000000000000000000000000000000000000000000000000000000000000000000156504922460049,2591.3881010613,0.987373858332198,0.000000000000000000000000000000000000000000000000000000000000000000000000000000000000000000000663383880790178,2.81301694013303
ID067,2025-09-12,2025-12-22,102,30967.2319696818,112360,236433.987432167,,904.624652013249,0.99577261216749,0.00000000000000000000000000000000000000000000000000000000000000000000000000000000000000000000000000000000000000000000592696962821349,2565.77656458128,0.98864199754703,0.00000000000000000000000000000000000000000000000000000000000000000000000000000000000000000000000390849856723721,2.83628857435084
ID068,2025-09-17,2025-12-22,97,21667.903187694,105940,166302.413088596,,967.397822326288,0.9958723852631,0.000000000000000000000000000000000000000000000000000000000000000000000000000000000000000000000000000000000000000000455538231580696,1639.23210327475,0.890974321753446,0.0000000000000000000000000000000000000000000000165605392918307,1.69447570114735
ID070,2025-09-19,2025-12-24,97,34500,138465.043860268,300738.061757803,,1230.75854851431,0.994898408551267,0.000000000000000000000000000000000000000000000000000000000000000000000000000000000000000000000000000000000000150478803119553,3398.86795815022,0.990555123711402,0.000000000000000000000000000000000000000000000000000000000000000000000000000000000000000000000000562941851682511,2.76160418487697
ID072,2025-09-19,2025-12-22,95,33403.2591618123,128800,191882.542820287,,1069.08752975076,0.990484463412172,0.00000000000000000000000000000000000000000000000000000000000000000000000000000000000000000000000823590051862163,2079.22831146268,0.934288684129859,0.00000000000000000000000000000000000000000000000000000000893793689606486,1.94486256139142
ID074,2025-09-13,2025-12-26,105,29122.7100290116,109250,213616.936721161,,837.065245757169,0.995641300607586,0.0000000000000000000000000000000000000000000000000000000000000000000000000000000000000000000000000000000000000000000000000319674967444917,2209.68356715689,0.992373852980194,0.0000000000000000000000000000000000000000000000000000000000000000000000000000000000000000000000000000000000000786628456609768,2.63979848447551
ID075,2025-09-12,2025-12-26,106,27144.242339513,116160,222063.027888557,,930.457409648705,0.995432504943436,0.00000000000000000000000000000000000000000000000000000000000000000000000000000000000000000000000000000000000000000000000516918998320285,2296.2445782578,0.99113666000036,0.00000000000000000000000000000000000000000000000000000000000000000000000000000000000000000000000000000000179584605540958,2.46786640038124
ID076,2025-09-19,2025-12-24,97,27175,109137.918660287,239424.44939081,,926.825779516097,0.979049956938313,0.0000000000000000000000000000000000000000000000000000000000000000000000000000000103374442146237,2609.82719056111,0.990369996787711,0.00000000000000000000000000000000000000000000000000000000000000000000000000000000000000000000000140191184826365,2.81587677883078
ID078,2025-09-19,2025-12-21,94,35781.8181818182,117486.438189865,293364.784824184,,973.181697901733,0.997312136244018,0.00000000000000000000000000000000000000000000000000000000000000000000000000000000000000000000000000000000000000000000000470079783063239,3221.02311232212,0.998976758054956,0.000000000000000000000000000000000000000000000000000000000000000000000000000000000000000000000000000000000000000000000000000000000000000000238828960691031,3.3097859518597
ID079,2025-09-12,2025-12-21,101,31186.9175611691,133678.606322572,307485.317144052,,1103.01002855913,0.997069609088438,0.000000000000000000000000000000000000000000000000000000000000000000000000000000000000000000000000000000000000000000000000000000328447197079104,3326.10739614124,0.982910597361529,0.000000000000000000000000000000000000000000000000000000000000000000000000000000000000000205354342199158,3.01548246164738
ID081,2025-09-19,2025-12-22,95,38364.517526483,120231.933766628,311418.751713022,,960.358277573286,0.997556043575883,0.00000000000000000000000000000000000000000000000000000000000000000000000000000000000000000000000000000000000000000000000000290667920636454,3453.24278127797,0.99712240998097,0.00000000000000000000000000000000000000000000000000000000000000000000000000000000000000000000000000000000000000000000000578080645469353,3.5957859289805
ID083,2025-09-12,2025-12-26,106,29954.5454545455,112800,246785.83934801,,862.615148832764,0.995454685281777,0.00000000000000000000000000000000000000000000000000000000000000000000000000000000000000000000000000000000000000000000000000122088808801988,2488.30617610489,0.991245506009578,0.000000000000000000000000000000000000000000000000000000000000000000000000000000000000000000000000000000000000776724817983655,2.88460755583983
ID084,2025-09-13,2025-12-26,105,28656.8429894692,117722.222222222,252264.936721161,,948.530234537932,0.996609069161832,0.00000000000000000000000000000000000000000000000000000000000000000000000000000000000000000000000000000000000000000000000000000000508880557855854,2623.72329604985,0.992841310914473,0.000000000000000000000000000000000000000000000000000000000000000000000000000000000000000000000000000000000000000262980107784334,2.7660934786417
ID085,2025-09-12,2025-12-25,105,27602.3890083842,114621.428571429,260220.145596856,,923.398471856725,0.994571320830542,0.000000000000000000000000000000000000000000000000000000000000000000000000000000000000000000000000000000000000000000000170756354928878,2569.68053747904,0.980941612468965,0.00000000000000000000000000000000000000000000000000000000000000000000000000000000000000000210378987500988,2.78285119133027
ID086,2025-09-12,2025-12-26,106,21683.2251370333,112250.607105341,245975.140592706,,950.816420425708,0.996217991224788,0.0000000000000000000000000000000000000000000000000000000000000000000000000000000000000000000000000000000000000000000000000000000860514833736123,2460.23208600578,0.97671559311079,0.00000000000000000000000000000000000000000000000000000000000000000000000000000000000000965577425455117,2.58749431872902
ID087,2025-09-12,2025-12-25,105,29940.0284916013,126769.864561001,293742.572197626,,1007.08797610046,0.995134785558894,0.000000000000000000000000000000000000000000000000000000000000000000000000000000000000000000000000000000000000000000000000604308243501268,3006.1524149954,0.988711368945492,0.00000000000000000000000000000000000000000000000000000000000000000000000000000000000000000000000000000405425684578922,2.98499484288902
ID089,2025-09-12,2025-12-26,106,35095.6147577383,123244.444444444,248707.784824184,,908.290443477474,0.989327724159742,0.0000000000000000000000000000000000000000000000000000000000000000000000000000000000000000000000000000000231223154663634,2396.85780108183,0.971671460051962,0.000000000000000000000000000000000000000000000000000000000000000000000000000000000259512511262708,2.63886713583074
ID090,2025-09-12,2025-12-24,104,34656.8962583743,128868.75,290507.936721161,,1011.81470305999,0.99780581727136,0.0000000000000000000000000000000000000000000000000000000000000000000000000000000000000000000000000000000000000000000000000000000000000000200426780439918,2829.63491940984,0.987668137221909,0.00000000000000000000000000000000000000000000000000000000000000000000000000000000000000000000000000348081352539792,2.79659399181715
ID091,2025-09-17,2025-12-22,97,37406.8244441718,116733.333333333,241016.96836058,,905.507862567459,0.991056469629384,0.0000000000000000000000000000000000000000000000000000000000000000000000000000000000000000000000000433564234670623,2688.58478857764,0.997860973357742,0.000000000000000000000000000000000000000000000000000000000000000000000000000000000000000000000000000000000000000000000000000000272168283695138,2.96914571338395
ID092,2025-09-13,2025-12-26,105,29354.5096066343,117680,242361.724094603,,925.682548551532,0.997253167889196,0.000000000000000000000000000000000000000000000000000000000000000000000000000000000000000000000000000000000000000000000000000000013359830614068,2423.65423564382,0.995002742702413,0.0000000000000000000000000000000000000000000000000000000000000000000000000000000000000000000000000000000000000000000980193313102485,2.6182347711278
ID093,2025-09-13,2025-12-26,105,31091.2877857707,117075,248407.360772672,,930.556025850302,0.991850258671548,0.000000000000000000000000000000000000000000000000000000000000000000000000000000000000000000000000000000000000208986042114863,2481.62229765485,0.975975729433662,0.000000000000000000000000000000000000000000000000000000000000000000000000000000000000318516489635066,2.66681664372358
ID094,2025-09-12,2025-12-24,104,30229.6296296296,124865,290886.506369529,,1037.10061103288,0.996452566688631,0.000000000000000000000000000000000000000000000000000000000000000000000000000000000000000000000000000000000000000000000000000000876917218165887,3021.16152136148,0.98970512024402,0.000000000000000000000000000000000000000000000000000000000000000000000000000000000000000000000000000000348710006369893,2.91308431334605
ID095,2025-09-12,2025-12-24,104,33532.5970122033,112865.511045139,218147.088618138,,871.218806790265,0.992752573609549,0.0000000000000000000000000000000000000000000000000000000000000000000000000000000000000000000000000000000000000058546241662613,2222.37468269596,0.97970176644353,0.000000000000000000000000000000000000000000000000000000000000000000000000000000000000000381340237254688,2.55088006064012
ID096,2025-09-19,2025-12-22,95,30371.8735817417,113604.484227947,282126.056978718,,996.541971281368,0.993484760468461,0.000000000000000000000000000000000000000000000000000000000000000000000000000000000000000000000000000000184367162494028,3133.26509038369,0.998471755802276,0.000000000000000000000000000000000000000000000000000000000000000000000000000000000000000000000000000000000000000000000000000000000000959001744055741,3.14413760852931
ID101,2025-09-13,2025-12-25,104,23837.10852751,115981.818181818,249272.572197626,,991.732559589416,0.995518971695183,0.00000000000000000000000000000000000000000000000000000000000000000000000000000000000000000000000000000000000000000000666317936238597,2596.14127033279,0.986608483255517,0.00000000000000000000000000000000000000000000000000000000000000000000000000000000000000000000132661976351779,2.61778364058917
ID102,2025-09-17,2025-12-24,99,33749.5838521459,141593.680543233,310293.387407942,,1222.88731764621,0.996911311426081,0.00000000000000000000000000000000000000000000000000000000000000000000000000000000000000000000000000000000000000000000000859532992141669,3412.28083340996,0.987739886821043,0.000000000000000000000000000000000000000000000000000000000000000000000000000000000000000000119147303690651,2.7903477157469
ID103,2025-09-17,2025-12-26,101,34894.7458992434,114678.14805683,244724.48103023,,897.972469119679,0.992659347596054,0.00000000000000000000000000000000000000000000000000000000000000000000000000000000000000000000000000000000249536077589617,2609.68627290003,0.990896285368683,0.0000000000000000000000000000000000000000000000000000000000000000000000000000000000000000000000000000854052042171539,2.90619853352344
ID104,2025-09-17,2025-12-24,99,30457.5561399615,132535.077677064,258930.588729162,,1118.79849101091,0.99549428302132,0.000000000000000000000000000000000000000000000000000000000000000000000000000000000000000000000000000000000000000000130600615857171,2726.80260981292,0.975611100818892,0.0000000000000000000000000000000000000000000000000000000000000000000000000000000491483065375787,2.43725982088971
ID105,2025-09-17,2025-12-24,99,31238.7399101674,127983.329113176,267518.378652929,,1058.13621257801,0.995069947666255,0.000000000000000000000000000000000000000000000000000000000000000000000000000000000000000000000000000000000000000147095079426508,2936.09304596923,0.99248266587113,0.0000000000000000000000000000000000000000000000000000000000000000000000000000000000000000000000000000000916945370919252,2.77477796437552
ID106,2025-09-19,2025-12-21,94,33514.4426984267,110112.831014825,260167.590907142,,885.213044106144,0.992514396127005,0.0000000000000000000000000000000000000000000000000000000000000000000000000000000000000000000000000013642610205893,2740.88482813614,0.99265197521729,0.000000000000000000000000000000000000000000000000000000000000000000000000000000000000000000000000000581140969141813,3.09629963813263
ID107,2025-09-14,2025-12-26,104,25014.9071209864,110000,234087.202669941,,926.983248573138,0.992306895024856,0.000000000000000000000000000000000000000000000000000000000000000000000000000000000000000000000000000000000184799820332417,2490.47143300475,0.980195431593962,0.0000000000000000000000000000000000000000000000000000000000000000000000000000000000000395520534024231,2.68664124927632
ID109,2025-09-13,2025-12-26,105,26911.9185772777,125800,264236.968360581,,1033.78883658503,0.995207301166416,0.000000000000000000000000000000000000000000000000000000000000000000000000000000000000000000000000000000000000000000000852872348942968,2691.18894600762,0.982376036869321,0.0000000000000000000000000000000000000000000000000000000000000000000000000000000000000000162113017915109,2.60322887108896
ID110,2025-09-17,2025-12-24,99,35671.1714699706,118127.973927549,231516.92671286,,905.539060882137,0.98575305926056,0.0000000000000000000000000000000000000000000000000000000000000000000000000000000000000000164726509086543,2446.08470613595,0.979151382068111,0.00000000000000000000000000000000000000000000000000000000000000000000000000000000118191311462887,2.70124703814883
ID112,2025-09-12,2025-12-25,105,28086.7314407046,123509.534189004,249830.538008948,,1020.00553407317,0.989868512418293,0.0000000000000000000000000000000000000000000000000000000000000000000000000000000000000000000000000000000154456760157396,2585.55022568811,0.974843815095597,0.0000000000000000000000000000000000000000000000000000000000000000000000000000000000034127088733083,2.53483940951111
ID113,2025-09-17,2025-12-22,97,39150,117560,163928.721691395,,930.679436193121,0.991307358370459,0.0000000000000000000000000000000000000000000000000000000000000000000000000000000000000000000000000113817943836992,1644.80840877378,0.901946584162869,0.000000000000000000000000000000000000000000000000342679755301172,1.76732002965678
ID114,2025-09-17,2025-12-22,97,32020,110967.856095991,149062.088618138,,881.396970375741,0.988724057293417,0.000000000000000000000000000000000000000000000000000000000000000000000000000000000000000000000246381263618795,1422.36232569838,0.877952261731066,0.00000000000000000000000000000000000000000000354602793529642,1.61375903651226
ID115,2025-09-13,2025-12-26,105,25425,112042.857142857,243171.132402037,,905.628152411673,0.996935739330571,0.000000000000000000000000000000000000000000000000000000000000000000000000000000000000000000000000000000000000000000000000000000000501002833555323,2485.07282023742,0.993587755778295,0.0000000000000000000000000000000000000000000000000000000000000000000000000000000000000000000000000000000000000000113620915111895,2.74403220970959
ID116,2025-09-17,2025-12-24,99,30186.1528040654,118054.255739046,230580.991563534,,963.096613811721,0.994175628806875,0.00000000000000000000000000000000000000000000000000000000000000000000000000000000000000000000000000000000000578771670261555,2483.11269306542,0.993351882569952,0.00000000000000000000000000000000000000000000000000000000000000000000000000000000000000000000000000000000310128214642469,2.57825918755733
ID117,2025-09-12,2025-12-24,104,30986.9458466402,124228.571428571,297864.265854414,,1023.22348247081,0.994726410858999,0.000000000000000000000000000000000000000000000000000000000000000000000000000000000000000000000000000000000000000000000531034145326544,3108.12871476948,0.98918736133549,0.00000000000000000000000000000000000000000000000000000000000000000000000000000000000000000000000000000425997277049988,3.03758540340003
ID118,2025-09-19,2025-12-22,95,31415.8449878857,118260,286102.721545345,,1079.75486166976,0.987415702219332,0.00000000000000000000000000000000000000000000000000000000000000000000000000000000000000000364141989401558,3202.08533353325,0.99732787117021,0.00000000000000000000000000000000000000000000000000000000000000000000000000000000000000000000000000000000000000000000000018448823933619,2.96556695154072
ID119,2025-09-13,2025-12-22,101,25568.4855314644,110304.480729954,221136.544309069,,940.84070012093,0.996844602728879,0.000000000000000000000000000000000000000000000000000000000000000000000000000000000000000000000000000000000000000000000023465683669339,2484.534667106,0.98704275408511,0.0000000000000000000000000000000000000000000000000000000000000000000000000000000000000000141626260341971,2.64076019116377
ID123,2025-09-12,2025-12-25,105,28128.5714285714,121311.374496386,269516.544309069,,992.197096848696,0.994731648638266,0.00000000000000000000000000000000000000000000000000000000000000000000000000000000000000000000000000000000000000000133982863802832,2864.7229377863,0.989897050949358,0.000000000000000000000000000000000000000000000000000000000000000000000000000000000000000000000000000133466093882082,2.88725188461537
ID124,2025-09-17,2025-12-22,97,32276.860168457,119805.277358212,249052.774815883,,987.276182031777,0.994725645296739,0.000000000000000000000000000000000000000000000000000000000000000000000000000000000000000000000000000000000000719952968667032,2724.18801420074,0.99188654154268,0.000000000000000000000000000000000000000000000000000000000000000000000000000000000000000000000000000445282792635246,2.759296804461
ID125,2025-09-17,2025-12-24,99,29873.0986872318,132287.5,277664.696206046,,1135.88544277651,0.997727286569336,0.0000000000000000000000000000000000000000000000000000000000000000000000000000000000000000000000000000000000000000000000000000000105755274286284,2959.54941332244,0.987224596215514,0.0000000000000000000000000000000000000000000000000000000000000000000000000000000000000000000104325549690171,2.6054999050681
ID127,2025-09-17,2025-12-26,101,25370.6012986028,125018.553286463,296055.088618138,,1108.42841451087,0.994826081848876,0.000000000000000000000000000000000000000000000000000000000000000000000000000000000000000000000000000000000000000000547265115930329,3208.95802343281,0.987725381506108,0.00000000000000000000000000000000000000000000000000000000000000000000000000000000000000000000000204903977316384,2.89505211290425
ID128,2025-09-12,2025-12-22,102,25940.7727751278,123412.5,251678.88880361,,1055.26038236086,0.996641943369015,0.00000000000000000000000000000000000000000000000000000000000000000000000000000000000000000000000000000000000000000000000000483334411002499,2767.74463193039,0.988131588584662,0.00000000000000000000000000000000000000000000000000000000000000000000000000000000000000000000000357270080168708,2.62280729779537
ID129,2025-09-12,2025-12-26,106,29881.5499714592,114825,229507.921760394,,870.996714894147,0.991503551371217,0.000000000000000000000000000000000000000000000000000000000000000000000000000000000000000000000000000000000000163886756253846,2189.46139052008,0.97166047484899,0.000000000000000000000000000000000000000000000000000000000000000000000000000000000264798997630409,2.51374242070037
ID131,2025-09-15,2025-12-24,101,34503.5562718982,111109.414011385,196026.617914756,,844.62303137866,0.996243157717248,0.000000000000000000000000000000000000000000000000000000000000000000000000000000000000000000000000000000000000000000000019370882017102,2020.15282507025,0.988517139196736,0.00000000000000000000000000000000000000000000000000000000000000000000000000000000000000000000000664234940135629,2.39178041566401
ID132,2025-09-13,2025-12-26,105,29837.3592922107,118106.564466532,246604.208875695,,920.948794443038,0.992029601134721,0.0000000000000000000000000000000000000000000000000000000000000000000000000000000000000000000000000000000000947459379362115,2573.40998016505,0.980501782431716,0.0000000000000000000000000000000000000000000000000000000000000000000000000000000000000025397509101706,2.79430300109287
ID136,2025-09-13,2025-12-22,101,30761.4021392555,112678.531133378,221803.936721161,,945.287005425546,0.996041775503813,0.00000000000000000000000000000000000000000000000000000000000000000000000000000000000000000000000000000000000000000000389526823144313,2496.21187793752,0.990316731531112,0.00000000000000000000000000000000000000000000000000000000000000000000000000000000000000000000000181686458666098,2.64069204761127
ID137,2025-09-12,2025-12-24,104,36702.2847163754,126049.093234945,289207.48103023,,976.616425965143,0.997142265770981,0.0000000000000000000000000000000000000000000000000000000000000000000000000000000000000000000000000000000000000000000000000000000000142658839543011,2882.59525921505,0.990914449087063,0.000000000000000000000000000000000000000000000000000000000000000000000000000000000000000000000000000000000594886030703319,2.95161455672458
ID139,2025-09-12,2025-12-26,106,29295.1204974285,128976.666666667,316753.779820033,,1049.28642757305,0.996924464132315,0.0000000000000000000000000000000000000000000000000000000000000000000000000000000000000000000000000000000000000000000000000000000000333460558655981,3288.10382619877,0.990499403009555,0.00000000000000000000000000000000000000000000000000000000000000000000000000000000000000000000000000000000056321177067793,3.13365706426223
ID140,2025-09-13,2025-12-24,103,26991.5677283259,124900,284938.873442322,,1064.33270430004,0.987849378260172,0.0000000000000000000000000000000000000000000000000000000000000000000000000000000000000000000000000149118490100816,2897.2063254921,0.969072713022008,0.00000000000000000000000000000000000000000000000000000000000000000000000000000465215186792912,2.72208710094785
ID142,2025-09-17,2025-12-22,97,38350,137840,233248.298841488,,1125.32018616672,0.991392401131325,0.000000000000000000000000000000000000000000000000000000000000000000000000000000000000000000000000000661713024344946,2415.23041562444,0.940690728949288,0.00000000000000000000000000000000000000000000000000000000000444890342388551,2.14626063347506
ID143,2025-09-12,2025-12-21,101,32299.9999980927,121787.5,259809.417231499,,1021.49038067301,0.994531747273367,0.000000000000000000000000000000000000000000000000000000000000000000000000000000000000000000000000000000000000000115071103608834,2814.7967316949,0.984890172780888,0.00000000000000000000000000000000000000000000000000000000000000000000000000000000000000000402493975410906,2.7555783049473
ID146,2025-09-15,2025-12-26,103,29037.5,118444.949808848,260713.982557478,,966.09185121145,0.996303176441129,0.000000000000000000000000000000000000000000000000000000000000000000000000000000000000000000000000000000000000000000000000536555576662634,2726.61289390174,0.989836508646313,0.0000000000000000000000000000000000000000000000000000000000000000000000000000000000000000000000000017885291103143,2.82231227857129
ID147,2025-09-12,2025-12-24,104,37670.8765279561,126808.333333333,271526.314120802,,972.905058967702,0.996192804641557,0.0000000000000000000000000000000000000000000000000000000000000000000000000000000000000000000000000000000000000000000000000000322293217106742,2736.35116749138,0.991029878573166,0.000000000000000000000000000000000000000000000000000000000000000000000000000000000000000000000000000000000309890887805026,2.81255724006079
ID148,2025-09-13,2025-12-26,105,29988.7339967195,114061.749550542,223450.837098201,,901.507314592812,0.986258068515837,0.000000000000000000000000000000000000000000000000000000000000000000000000000000000000000000000000870881003205673,2211.42723129326,0.964091933385825,0.00000000000000000000000000000000000000000000000000000000000000000000000000165635740813934,2.45303304310082
ID149,2025-09-19,2025-12-22,95,44208.2223424064,125724.086256472,328173.417751391,,943.058828584005,0.997682754365474,0.000000000000000000000000000000000000000000000000000000000000000000000000000000000000000000000000000000000000000000000000000244470060646076,3557.61420404202,0.996675118977585,0.00000000000000000000000000000000000000000000000000000000000000000000000000000000000000000000000000000000000000000000478440755945531,3.7724202310727
ID151,2025-09-17,2025-12-24,99,30200,124537.946428571,270488.167227975,,1049.43086394315,0.996700142973696,0.000000000000000000000000000000000000000000000000000000000000000000000000000000000000000000000000000000000000000000000000628264451832743,2889.46939738279,0.980143268549066,0.0000000000000000000000000000000000000000000000000000000000000000000000000000000000163497669233765,2.75336803658112
ID153,2025-09-12,2025-12-24,104,33214.7450099521,119203.041303023,255242.512669649,,918.462027123813,0.99840645274521,0.0000000000000000000000000000000000000000000000000000000000000000000000000000000000000000000000000000000000000000000000000000000000000000000000415406975372182,2590.13451048641,0.990898855903888,0.00000000000000000000000000000000000000000000000000000000000000000000000000000000000000000000000000000000683909354179752,2.82007794987179
ID154,2025-09-13,2025-12-22,101,27436.8486251771,116544.444444444,241181.206830127,,982.68581540542,0.997828820256808,0.00000000000000000000000000000000000000000000000000000000000000000000000000000000000000000000000000000000000000000000000000000000000253381452046254,2625.53224694439,0.990426719093015,0.0000000000000000000000000000000000000000000000000000000000000000000000000000000000000000000000000000953334544502954,2.67179214941776
ID155,2025-09-12,2025-12-24,104,28382.8558273427,117534.782608696,291087.329133253,,964.088323229807,0.994338907670619,0.0000000000000000000000000000000000000000000000000000000000000000000000000000000000000000000000000000000000000000000197558944775196,2940.20175189043,0.993411394128634,0.0000000000000000000000000000000000000000000000000000000000000000000000000000000000000000000000000000000000000000453370503774531,3.04972239684473
ID157,2025-09-17,2025-12-21,96,37728.5714285714,124133.576452306,198339.874789976,,970.865783964858,0.990971729230062,0.0000000000000000000000000000000000000000000000000000000000000000000000000000000000000000000000000675405101436229,2065.85351588709,0.946046834882338,0.000000000000000000000000000000000000000000000000000000000000214191758441065,2.12784666017427
ID158,2025-09-17,2025-12-22,97,35413.3545218067,115742.857142857,159917.395331581,,931.464502962448,0.990249415716404,0.000000000000000000000000000000000000000000000000000000000000000000000000000000000000000000000000247157878972915,1605.03805857765,0.891028566345389,0.0000000000000000000000000000000000000000000000161731742992316,1.72313389664657
ID160,2025-09-16,2025-12-26,102,29437.9247063968,116204.909802627,234435.240515115,,937.342278427116,0.996430703549155,0.000000000000000000000000000000000000000000000000000000000000000000000000000000000000000000000000000000000000000000000000000339427127835635,2480.985952933,0.990136504305851,0.00000000000000000000000000000000000000000000000000000000000000000000000000000000000000000000000000000402260480945405,2.64683030951742
ID161,2025-09-12,2025-12-26,106,29707.9085152953,122487.294364298,254494.638263483,,974.978320558585,0.996138894190636,0.00000000000000000000000000000000000000000000000000000000000000000000000000000000000000000000000000000000000000000000000000106774887969394,2676.53419356913,0.991230963017424,0.0000000000000000000000000000000000000000000000000000000000000000000000000000000000000000000000000000000112285670935139,2.74522431640909
ID162,2025-09-13,2025-12-22,101,32204.629546755,131353.996667757,295410.94512704,,1083.68020712008,0.998033029758677,0.000000000000000000000000000000000000000000000000000000000000000000000000000000000000000000000000000000000000000000000000000000000000453990310634453,3214.57076356934,0.987086754121568,0.0000000000000000000000000000000000000000000000000000000000000000000000000000000000000000000174637719822432,2.96634629150623
ID163,2025-09-17,2025-12-21,96,32964.3417918031,118450,175963.234309361,,973.380356745983,0.990434603556392,0.0000000000000000000000000000000000000000000000000000000000000000000000000000000000000000000000105017678945771,1829.99513427428,0.931798137899044,0.0000000000000000000000000000000000000000000000000000000504732246550131,1.88004115923601
ID164,2025-09-17,2025-12-24,99,22843.4360587973,111583.170988444,204494.240515115,,975.934706012089,0.99311650693874,0.000000000000000000000000000000000000000000000000000000000000000000000000000000000000000000000000000000196203603193547,2281.04253636066,0.974532779510812,0.000000000000000000000000000000000000000000000000000000000000000000000000000100193032259771,2.33729010999267
ID165,2025-09-17,2025-12-22,97,36866.6666666667,120935.294117647,164764.450738465,,941.382116091041,0.99119442849229,0.0000000000000000000000000000000000000000000000000000000000000000000000000000000000000000000000256787461618418,1662.50055211785,0.928914017980424,0.00000000000000000000000000000000000000000000000000000493233289268154,1.7660209639643
ID166,2025-09-12,2025-12-25,105,25402.3055560609,120339.865064794,271036.868438171,,997.719532443411,0.997267507221081,0.00000000000000000000000000000000000000000000000000000000000000000000000000000000000000000000000000000000000000000000000000000000000145100342929626,2691.37936730136,0.976401676578783,0.000000000000000000000000000000000000000000000000000000000000000000000000000000000000829084918054004,2.69753099922799
ID167,2025-09-17,2025-12-24,99,35659.245011735,125738.298294758,259508.627923056,,990.235890546288,0.998113063083899,0.00000000000000000000000000000000000000000000000000000000000000000000000000000000000000000000000000000000000000000000000000000000000140097226098884,2721.96369225646,0.986319310822821,0.000000000000000000000000000000000000000000000000000000000000000000000000000000000000000000279116891231626,2.74880330862863
ID168,2025-09-12,2025-12-24,104,27621.4596466705,108557.142857143,228218.579433705,,891.341642619426,0.993559854167137,0.0000000000000000000000000000000000000000000000000000000000000000000000000000000000000000000000000000000000000000141785642383198,2340.06685723096,0.982136337962318,0.000000000000000000000000000000000000000000000000000000000000000000000000000000000000000000563519455181095,2.62533101264527
ID171,2025-09-12,2025-12-26,106,25748.9206059816,126317.166288211,267363.208875695,,1009.80922813815,0.998069615501661,0.0000000000000000000000000000000000000000000000000000000000000000000000000000000000000000000000000000000000000000000000000000000000000000000000557532002806572,2687.06318988179,0.990672949595346,0.0000000000000000000000000000000000000000000000000000000000000000000000000000000000000000000000000000000000209450088556553,2.6609612142643
ID172,2025-09-12,2025-12-24,104,31529.0584857596,123810.52631579,311552.905081741,,981.671976765486,0.997478487739023,0.0000000000000000000000000000000000000000000000000000000000000000000000000000000000000000000000000000000000000000000000000000000000000240895406581557,3137.85326706018,0.994338881612631,0.0000000000000000000000000000000000000000000000000000000000000000000000000000000000000000000000000000000000000000000197605330170259,3.19643765058783
ID174,2025-09-17,2025-12-22,97,30320.8074737624,107733.333333333,144999.511468045,,894.258677820466,0.983166901386543,0.000000000000000000000000000000000000000000000000000000000000000000000000000000000000352810297040794,1360.03017298778,0.882288183919763,0.00000000000000000000000000000000000000000000185933301973986,1.52084649187025
ID176,2025-09-13,2025-12-24,103,30236.3636363636,116010.526315789,261459.96206046,,942.05775737338,0.992152908542989,0.0000000000000000000000000000000000000000000000000000000000000000000000000000000000000000000000000000000000038297623949648,2637.09711587577,0.983263459827728,0.000000000000000000000000000000000000000000000000000000000000000000000000000000000000000000157548680707676,2.79929451802239
ID177,2025-09-12,2025-12-22,102,22828.177183144,114422.222222222,246242.335673725,,970.48049187974,0.997634495218934,0.000000000000000000000000000000000000000000000000000000000000000000000000000000000000000000000000000000000000000000000000000000000169040512655851,2644.62850254433,0.987424972369794,0.0000000000000000000000000000000000000000000000000000000000000000000000000000000000000000000000607925352442533,2.72507126590655
ID179,2025-09-13,2025-12-22,101,36571.4431559693,130307.107208109,276730.899731533,,1042.54726601467,0.996611351427035,0.000000000000000000000000000000000000000000000000000000000000000000000000000000000000000000000000000000000000000000000000000436577717981447,2994.61215164397,0.991002644358771,0.000000000000000000000000000000000000000000000000000000000000000000000000000000000000000000000000000000430166181077501,2.8723994098526
ID180,2025-09-17,2025-12-21,96,36633.3333333333,124500,195277.217383864,,1034.03129511675,0.990052407546204,0.0000000000000000000000000000000000000000000000000000000000000000000000000000000000000000000000064430550372581,2007.43651723659,0.930880370565475,0.0000000000000000000000000000000000000000000000000000000245869556542322,1.94136920876262
ID181,2025-09-15,2025-12-24,101,27151.8606218149,109912.5,228386.082318017,,893.47012876929,0.992991585190304,0.00000000000000000000000000000000000000000000000000000000000000000000000000000000000000000000000000000000000183106046798758,2328.55423967212,0.976354618716193,0.000000000000000000000000000000000000000000000000000000000000000000000000000000000256189203373296,2.60619148272991
ID183,2025-09-19,2025-12-22,95,27714.2786227117,114150,285458.597536925,,1002.63593687443,0.99286124090646,0.000000000000000000000000000000000000000000000000000000000000000000000000000000000000000000000000000012927388075442,3103.88322306733,0.996487910685994,0.0000000000000000000000000000000000000000000000000000000000000000000000000000000000000000000000000000000000000000000611050602428315,3.09572309241502
ID184,2025-09-17,2025-12-24,99,26380,117188.888888889,261134.056978718,,1037.6847949081,0.996208578944638,0.000000000000000000000000000000000000000000000000000000000000000000000000000000000000000000000000000000000000000000000493149197561716,2851.60277781475,0.982608083030862,0.0000000000000000000000000000000000000000000000000000000000000000000000000000000000000281891955894077,2.74804332857869
ID187,2025-09-14,2025-12-26,104,24255.3762274153,110850,260326.355768522,,958.749864656153,0.990224623081149,0.0000000000000000000000000000000000000000000000000000000000000000000000000000000000000000000000000000000248585949361517,2652.6905975678,0.979899361293957,0.000000000000000000000000000000000000000000000000000000000000000000000000000000000000000231527148425568,2.76682239586982
ID188,2025-09-12,2025-12-26,106,30421.3393493599,130485.409309895,316398.203871545,,1037.69367306161,0.996761115528067,0.000000000000000000000000000000000000000000000000000000000000000000000000000000000000000000000000000000000000000000000000000000149405216334755,3273.70023646725,0.991778875412096,0.0000000000000000000000000000000000000000000000000000000000000000000000000000000000000000000000000000000000402243597583275,3.15478480928628
ID190,2025-09-13,2025-12-26,105,29835.7142857143,109540.909090909,219446.177236276,,873.465954597121,0.994791754687635,0.0000000000000000000000000000000000000000000000000000000000000000000000000000000000000000000000000000000000000000000000201924186552499,2266.62574806247,0.991721621570474,0.000000000000000000000000000000000000000000000000000000000000000000000000000000000000000000000000000000000000468187297519484,2.59497892978317
ID191,2025-09-12,2025-12-26,106,27924.0905362886,111225.861201478,221132.240515115,,873.065167721176,0.991028020268746,0.00000000000000000000000000000000000000000000000000000000000000000000000000000000000000000000000000000000000278285217122683,2154.46482350777,0.963798926903231,0.0000000000000000000000000000000000000000000000000000000000000000000000000000898974889684608,2.46770218668926
ID192,2025-09-19,2025-12-22,95,36066.6666666667,117689.629598611,292505.177236276,,962.787493957576,0.997919387188168,0.0000000000000000000000000000000000000000000000000000000000000000000000000000000000000000000000000000000000000000000000000000016325551912401,3251.69219753128,0.999282251023913,0.000000000000000000000000000000000000000000000000000000000000000000000000000000000000000000000000000000000000000000000000000000000000000000000000000524093563980348,3.37737269951967
ID193,2025-09-19,2025-12-24,97,34453.1827880411,121468.475946722,304202.015330998,,953.614448501861,0.993668788995516,0.0000000000000000000000000000000000000000000000000000000000000000000000000000000000000000000000000000000486426062283814,3333.02326482314,0.9975135855488,0.00000000000000000000000000000000000000000000000000000000000000000000000000000000000000000000000000000000000000000000000000647484068265197,3.4951476144886
ID194,2025-09-17,2025-12-24,99,37175,139407.122154436,273632.312910149,,1121.85256335498,0.996634324678189,0.00000000000000000000000000000000000000000000000000000000000000000000000000000000000000000000000000000000000000000000000162127649854953,2948.94589339936,0.99336674966704,0.000000000000000000000000000000000000000000000000000000000000000000000000000000000000000000000000000000000225920527443292,2.62863943955375
ID195,2025-09-17,2025-12-24,99,31738.8893561451,133227.231784959,269832.507665499,,1108.41096729777,0.994263667860997,0.000000000000000000000000000000000000000000000000000000000000000000000000000000000000000000000000000000000000211515907349289,2916.15547621977,0.986064174417968,0.000000000000000000000000000000000000000000000000000000000000000000000000000000000000000000677685190462221,2.63093343737761
ID196,2025-09-17,2025-12-24,99,26313.5797376923,114490,227939.392412092,,1008.92895781785,0.991618873734659,0.0000000000000000000000000000000000000000000000000000000000000000000000000000000000000000000000000224843824599763,2482.43345715893,0.977496031726936,0.00000000000000000000000000000000000000000000000000000000000000000000000000000200178271930849,2.46046407720126
ID197,2025-09-17,2025-12-24,99,26360,112345.714285714,230754.603837046,,974.12005092557,0.993534935630061,0.0000000000000000000000000000000000000000000000000000000000000000000000000000000000000000000000000000000000658491307350595,2414.83310521233,0.971325930816941,0.000000000000000000000000000000000000000000000000000000000000000000000000000750495429892601,2.47898921998151
ID200,2025-09-17,2025-12-22,97,36375,130435.935496339,205550.471910017,,1063.28446154231,0.993256250375632,0.0000000000000000000000000000000000000000000000000000000000000000000000000000000000000000000000000000000748216589270685,2129.20223155874,0.935528726342675,0.000000000000000000000000000000000000000000000000000000000930240161173488,2.00247657947555
