animal_id,start_date,end_date,test_days,start_weight_g,end_weight_g,total_feed_g,AGE,ADG_g,ADFI_g,FCR,stage_label,stage_min,stage_max
ID002,2025-12-07,2026-02-16,72,33878.6,98303.9090909091,156144.339288402,150,991.158601398601,2168.67137900558,2.42364905177358,30-100kg,30,100
ID003,2025-12-06,2026-02-10,67,31088.6332762846,94376.4736842105,162797.054741861,143,1029.07057573863,2429.80678719196,2.5723275386321,30-100kg,30,100
ID004,2025-12-09,2026-02-20,74,31061,95364.125,167021.079808581,146,959.748134328358,2257.04161903488,2.59740222280925,30-100kg,30,100
ID005,2025-12-02,2026-02-09,70,34643.0500593289,98924.0555707173,164944.003979304,143,1004.39071111544,2356.34291399006,2.56598356959555,30-100kg,30,100
ID006,2025-12-09,2026-02-12,66,34445.6320143295,94696.052631579,175024.408073456,145,1021.19356978389,2651.88497080994,2.90494914857652,30-100kg,30,100
ID007,2025-12-04,2026-02-05,64,34673.9090909091,93426.0769230769,153150.142996672,138,1030.73978652926,2392.97098432299,2.60671475875005,30-100kg,30,100
ID008,2025-12-02,2026-01-30,60,35403.9684304229,98568.6071224985,151648.992133062,132,1226.49783868108,2527.4832022177,2.40085268075929,30-100kg,30,100
ID009,2025-12-02,2026-02-07,68,33672.5928275092,96717.7474633435,185010.961784352,141,1033.52712517761,2720.74943800517,2.93457860247983,30-100kg,30,100
ID010,2025-12-16,2026-03-01,76,34281.7214083425,94457.2307692308,192589.671361942,162,878.474589210047,2534.07462318344,3.20046599368077,30-100kg,30,100
ID011,2025-12-08,2026-02-22,77,31092.5677861799,96822,214621.313272091,156,938.991888768859,2787.28978275443,3.26522390417007,30-100kg,30,100
ID012,2025-12-06,2026-02-08,65,31497.7449589972,96110.5549067325,221843.684852072,134,1114.01396461613,3412.97976695495,3.43343193140059,30-100kg,30,100
ID013,2025-12-09,2026-02-15,69,34687.5106382979,98227.8203812912,169124.134703211,142,1050.2530536032,2451.07441598856,2.66168256634696,30-100kg,30,100
ID015,2025-12-09,2026-02-16,70,32352.4409090909,96335.3904164772,165906.074755388,149,1015.60237313312,2370.08678221983,2.59297322228378,30-100kg,30,100
ID017,2025-12-05,2026-02-16,74,32030.4870631615,98053.0871055507,161838.901145423,150,978.112593220581,2187.01217764085,2.45126518860989,30-100kg,30,100
ID018,2025-12-24,2026-03-07,74,33447.1666666667,98607.9184239941,166424.938650876,161,972.548533691454,2248.98565744428,2.55406719785368,30-100kg,30,100
ID019,2025-12-08,2026-02-19,74,31384,97291.2154316278,211989.698821132,152,991.085946340267,2864.72565974503,3.21648695719895,30-100kg,30,100
ID020,2025-12-09,2026-02-19,73,32452.0454545455,94381.1176470588,178255.909012361,153,931.264243496442,2441.86176729262,2.87838817378424,30-100kg,30,100
ID021,2025-12-02,2026-03-03,92,30377.9464600376,98393.75,202092.486711751,165,804.920751952218,2196.65746425816,2.97125779882924,30-100kg,30,100
ID023,2025-12-02,2026-02-08,69,31430.518734363,96967.6363636364,167613.146269949,140,1040.27170840116,2429.17603289781,2.5575300277637,30-100kg,30,100
ID024,2025-12-21,2026-03-17,87,33506.2673394989,99288.3310430225,193761.343820685,170,792.554984379802,2227.14188299638,2.9455041832369,30-100kg,30,100
ID027,2025-12-10,2026-02-16,69,30836.5233523752,96858.4736842105,195716.810307748,142,1082.32705462025,2836.47551170649,2.96442030754997,30-100kg,30,100
ID028,2025-12-10,2026-02-19,72,31411.3,98621.7200174084,179978.36169335,152,1066.83206376839,2499.6994679632,2.67783420557011,30-100kg,30,100
ID029,2025-12-14,2026-02-13,62,41592.94837293,95818.5423869985,155272.443514762,147,1004.17766692719,2504.39425023809,2.86345306746621,30-100kg,30,100
ID030,2025-12-04,2026-02-16,75,35732.3724031129,95616.2665742266,163679.337372687,149,855.484202444481,2182.39116496916,2.73327811489657,30-100kg,30,100
ID032,2025-12-15,2026-02-27,75,33065.7034173926,97885.0067318501,192867.932145068,157,967.452288275484,2571.57242860091,2.97547061265699,30-100kg,30,100
ID033,2025-12-05,2026-02-18,76,33684.5416211577,96796.25,210911.052116867,151,928.113358512387,2775.14542259036,3.34186884707392,30-100kg,30,100
ID034,2025-12-09,2026-02-12,66,31376.8803479265,95944.6470588235,176898.154707732,145,1076.12944518162,2680.27507132927,2.73972856301187,30-100kg,30,100
ID035,2025-12-09,2026-02-22,76,33215.8461538462,96530,195305.723317635,154,917.596432552954,2569.81214891625,3.08470873340905,30-100kg,30,100
ID036,2025-12-11,2026-02-19,71,33320.7115009747,96524.0360781949,163803.848150347,153,987.551946519066,2307.09645282178,2.59169670655877,30-100kg,30,100
ID038,2025-12-13,2026-02-17,67,37657.4695042594,96935.5820598363,178080.511551268,151,979.803513315321,2657.91808285474,3.00415286307077,30-100kg,30,100
ID040,2026-01-01,2026-03-21,80,34173.3122605364,96195.3365816541,170730.262302442,173,861.417004459968,2134.12827878053,2.75273605096296,30-100kg,30,100
ID044,2025-12-23,2026-03-13,81,31128.625,97008.9285714286,181281.767927961,160,890.274372586872,2238.04651762915,2.75168385846025,30-100kg,30,100
ID045,2025-12-23,2026-03-10,78,35987.4834371687,96124.4,140998.73499842,164,835.234952261546,1807.67608972334,2.34462860847054,30-100kg,30,100
ID048,2025-12-23,2026-03-12,80,37373.6265289158,97279.1666666667,177353.49588,164,815.041362418379,2216.9186985,2.96055248766945,30-100kg,30,100
ID049,2025-12-23,2026-02-22,62,39501.3605277985,96538.8692193522,180383.62982247,149,1027.70285930728,2909.41338423339,3.16254398132893,30-100kg,30,100
ID055,2025-12-23,2026-03-09,77,38673.9961510754,98742.0912396874,156352.489522699,164,858.115644123029,2030.5518119831,2.60292072342312,30-100kg,30,100
ID060,2025-12-27,2026-03-21,85,30983,97553.4382713872,197004.204343558,169,870.201807469114,2317.69652168891,2.95933464551385,30-100kg,30,100
ID062,2025-12-23,2026-03-29,97,30706.9090530634,96450.8095386849,186755.093980037,176,730.487783173572,1925.31024721687,2.84064517925706,30-100kg,30,100
ID063,2025-12-23,2026-03-06,74,31308.8802898318,96392.4642857143,187036.878957248,160,957.111529351213,2527.52539131416,2.87379501056797,30-100kg,30,100
ID064,2025-12-23,2026-03-12,80,34346.0373914784,95815.1998203312,145160.186193661,160,830.664357146659,1814.50232742076,2.36151234957326,30-100kg,30,100
ID066,2025-12-23,2026-03-09,77,35922.2072484716,96762.987108441,167839.159232275,157,862.989785247792,2179.7293406789,2.7586621936565,30-100kg,30,100
ID067,2025-12-23,2026-03-01,69,35536.0294301348,94239.6006643815,170132.509379982,148,931.802718003915,2465.68854173888,2.89816285113383,30-100kg,30,100
ID068,2026-01-03,2026-03-21,78,35210.1875,95337.4234910421,166348.892497973,171,846.862478747072,2132.67810894838,2.76661465900007,30-100kg,30,100
ID069,2025-12-23,2026-03-13,81,35688,96355,180075.190545163,167,819.824324324324,2223.15050055757,2.96825606252433,30-100kg,30,100
ID071,2025-12-23,2026-03-01,69,44147.3111554803,94722.7614147322,152179.778081362,155,809.20720414803,2205.50403016466,3.00896536365533,30-100kg,30,100
ID072,2026-01-01,2026-03-10,69,34181.7736782541,95237.061850524,178298.4577784,151,969.131558289998,2584.03561997681,2.92027870338313,30-100kg,30,100
ID075,2025-12-24,2026-02-20,59,40767.375,96828.1666666667,125527.732393702,144,1088.55906148867,2127.58868463902,2.23913592123495,30-100kg,30,100
ID077,2025-12-24,2026-03-16,83,34106.6246573647,96428,162143.235530451,164,820.018096613623,1953.53295819821,2.60172749139452,30-100kg,30,100
ID078,2026-01-02,2026-03-16,74,33575,98520.451534194,153391.732393702,157,976.623331341264,2072.86124856354,2.36185489160763,30-100kg,30,100
ID080,2026-01-05,2026-04-03,89,34138.1426887156,98441.4090909091,163994.68873147,181,788.997133769246,1842.63695203899,2.55033216673229,30-100kg,30,100
ID081,2026-01-02,2026-03-18,76,33882.692950445,98192.95,176171.986623869,159,938.835869336569,2318.05245557722,2.7394072844106,30-100kg,30,100
ID084,2026-01-01,2026-03-19,78,35859.528214004,96705,154755.345513303,162,863.056337390014,1984.04289119619,2.54341598430865,30-100kg,30,100
ID086,2025-12-30,2026-03-17,78,37974,97580.0425826184,151420.953939279,165,833.650945211446,1941.29428127281,2.54036247632777,30-100kg,30,100
ID087,2025-12-30,2026-03-13,74,32152.0388101461,97988.652173913,180187.15124535,138,997.52444490556,2434.96150331554,2.73688365848592,30-100kg,30,100
ID090,2026-01-17,2026-04-01,75,32260.4666666667,97302.6428571429,177090.32876381,158,956.502591036415,2361.20438351746,2.72269993312032,30-100kg,30,100
ID091,2025-12-30,2026-03-07,68,32691.510476284,96435.0401870271,159310.061959889,146,1036.48015789826,2342.79502882189,2.49923502326918,30-100kg,30,100
ID093,2026-01-15,2026-04-01,77,33176.8589857181,97666.3368548923,176263.646205833,164,927.906156390996,2289.13826241341,2.73321558849348,30-100kg,30,100
ID095,2025-12-30,2026-03-13,74,31208.2898686052,95936.8019650864,153144.451139542,152,958.94091994787,2069.51960999381,2.36595043172431,30-100kg,30,100
ID096,2026-01-11,2026-03-26,75,33467.3333333333,98647.7035858696,185880.681109361,167,951.538251861843,2478.40908145815,2.85178927933641,30-100kg,30,100
ID097,2026-01-01,2026-03-24,83,32455.0377996818,99551.7963056534,181854.336391382,151,882.852085604889,2191.01610110099,2.71032968567621,30-100kg,30,100
ID099,2026-01-09,2026-03-17,68,30937.1986265433,93343.1099580626,179309.722983295,156,1040.09852219199,2636.9076909308,2.87328105875654,30-100kg,30,100
ID100,2025-12-30,2026-03-23,84,35252,98381.1578947368,147142.038544837,146,809.348178137652,1751.69093505758,2.33080946193176,30-100kg,30,100
ID106,2025-12-30,2026-03-08,69,36244.0312890682,96493.3681318681,143967.00278706,135,971.763497464515,2086.47830126174,2.38952012306282,30-100kg,30,100
ID107,2026-01-03,2026-03-21,78,33410.7771499743,95688.976744186,181588.151028204,162,877.157740763546,2328.05321831031,2.91575787693582,30-100kg,30,100
ID108,2026-01-02,2026-03-11,69,32261.9166666667,96847.5,155398.060961991,150,1025.16798941799,2252.14581104335,2.40607969986064,30-100kg,30,100
ID109,2026-01-02,2026-03-14,72,34587.6174041802,97744.5735145564,142844.464787405,154,979.177614114359,1983.95089982506,2.26173763880835,30-100kg,30,100
ID110,2026-01-11,2026-04-10,90,31648.4545603198,94502.2019610494,165554.716885007,168,748.258897627733,1839.49685427785,2.63396732464492,30-100kg,30,100
ID111,2025-12-30,2026-03-01,62,45237.4522740776,97900.0676706306,157675.170016406,147,948.875953091044,2543.14790349042,2.99406265391686,30-100kg,30,100
ID112,2025-12-30,2026-03-13,74,31857.9144172957,97166.8875478049,166712.073843989,153,974.760792992675,2252.86586275661,2.55266720410445,30-100kg,30,100
ID113,2026-01-08,2026-03-25,77,33965.2916925487,95692.3109365727,181873.154301481,151,881.814560628915,2361.98901690235,2.94641077001444,30-100kg,30,100
ID115,2025-12-30,2026-03-21,82,32309.0402430445,97380.04,182812.513414001,161,861.867546449742,2229.42089529269,2.80943145328668,30-100kg,30,100
ID116,2025-12-31,2026-03-06,66,31603.0993616442,93348.3637123294,157936.773264615,131,995.891360494921,2392.98141310023,2.55787670399475,30-100kg,30,100
ID117,2026-01-12,2026-03-27,75,34933.225,97413.4285714286,153020.528922696,159,932.540351812367,2040.27371896928,2.44910419902458,30-100kg,30,100
ID118,2025-12-30,2026-03-09,70,35368.6238616604,96387,168444.966993788,148,968.545652989517,2406.35667133983,2.76056128750285,30-100kg,30,100
ID119,2026-01-15,2026-03-22,67,34994.3095238095,98103.0131647215,190588.902203879,148,1060.65048135987,2844.6104806549,3.02000978008244,30-100kg,30,100
ID120,2026-01-11,2026-03-27,76,32532.8215459133,96258.8214285714,197101.239850658,157,910.371426895116,2593.43736645603,3.0929485643786,30-100kg,30,100
ID121,2026-01-02,2026-03-22,80,35417.1782733042,98106.3333333333,162975.690740908,162,864.678000827988,2037.19613426135,2.59974297922579,30-100kg,30,100
ID123,2026-01-11,2026-03-17,66,40776.5659263272,96485.3070621183,155465.515512898,149,936.281363626741,2355.53811383178,2.79068441223519,30-100kg,30,100
ID124,2025-12-30,2026-03-02,63,39066.6146043464,99464.4286012765,130000.682973088,141,1108.21677058587,2063.50290433472,2.15240708843693,30-100kg,30,100
ID125,2026-01-09,2026-03-26,77,30975.9213396688,96832.2780055334,178684.988328998,151,947.573477206685,2320.58426401296,2.71325347127221,30-100kg,30,100
ID126,2026-01-11,2026-03-23,72,35998.1666666667,98269.6364355431,153038.015429109,150,958.022611828868,2125.52799207096,2.45759440072825,30-100kg,30,100
ID127,2026-01-17,2026-03-27,70,35494.4518859633,96838.7,185733.778694222,154,973.718224032329,2653.33969563175,3.02772932107587,30-100kg,30,100
ID128,2025-12-30,2026-03-09,70,39495.9288646041,95664,143301.66366475,136,877.626111490561,2047.16662378214,2.55130113546741,30-100kg,30,100
ID131,2026-01-09,2026-03-30,81,31826,94009.8925676175,158035.682112382,157,834.683121712987,1951.05780385657,2.54142472571232,30-100kg,30,100
ID132,2026-01-17,2026-03-28,71,33348.8695652174,96619.6941988791,193531.800952909,152,988.606634900964,2725.80001342125,3.05878423544277,30-100kg,30,100
ID133,2025-12-30,2026-03-16,77,30826.7426988333,96738.6666666667,177329.61730841,141,928.336957293428,2302.98204296636,2.6904026863933,30-100kg,30,100
ID135,2026-01-17,2026-03-29,72,33574.5333333333,95908.6666666667,142035.459026128,153,958.986666666667,1972.71470869623,2.27861448344184,30-100kg,30,100
ID137,2026-01-07,2026-03-08,61,32974.0359538715,94792.2727272727,171554.041876605,133,1144.78216247039,2812.36134223942,2.77513644566485,30-100kg,30,100
ID139,2026-01-03,2026-03-15,72,33460.5534952097,96747.1949794597,149886.075050326,139,1004.54986482936,2081.75104236563,2.36836829281939,30-100kg,30,100
ID140,2026-01-04,2026-03-21,77,30669.4101274033,95853.4615384615,167153.448962117,146,951.591991402309,2170.82401249503,2.56433046648218,30-100kg,30,100
ID144,2025-12-30,2026-03-22,83,31930.9393870834,97860.0166497627,159948.286202366,163,861.818003433716,1927.08778557067,2.42606590055991,30-100kg,30,100
ID145,2026-01-04,2026-03-09,65,33118.6095020578,97104.990478814,125053.779755734,136,1075.40136095389,1923.90430393437,1.95438119560413,30-100kg,30,100
ID146,2025-12-30,2026-02-25,58,42435.445762115,95020.4615384615,130969.115366727,145,1021.06826750188,2258.08819597806,2.49061664113142,30-100kg,30,100
ID147,2025-12-30,2026-03-04,65,38703.8007961509,96504.3622868594,167105.268677,143,988.043786165957,2570.85028733846,2.89106652889284,30-100kg,30,100
ID149,2025-12-30,2026-03-13,74,30233.2997113346,95002.6153846154,184953.724844127,140,973.974671778659,2499.37466005577,2.85557633150084,30-100kg,30,100
ID150,2026-01-02,2026-03-10,68,33272.7169547017,95183.1,136496.770158624,137,1023.31211645121,2007.30544350917,2.20474762785351,30-100kg,30,100
ID152,2026-01-11,2026-03-26,75,33695.8745992595,96748.4166666667,153277.600813671,167,913.804957498655,2043.70134418228,2.43095037547903,30-100kg,30,100
ID153,2026-01-09,2026-03-12,63,34919.0625444004,96755.3333333333,159726.625856089,139,1104.21912123095,2535.34326755697,2.58305722221327,30-100kg,30,100
ID162,2025-12-31,2026-03-27,87,35759.266899618,97850.5815260776,171583.535263988,154,771.32067858956,1972.22454326424,2.76340638455205,30-100kg,30,100
ID164,2026-01-02,2026-03-13,71,35541.9809426353,93869.2857142857,143179.673370655,140,897.343150333083,2016.61511789655,2.45476237812117,30-100kg,30,100
ID165,2026-01-15,2026-03-31,76,33277.6153846154,96135.6111111111,170574.630825369,150,910.985445311532,2244.40303717591,2.71365048875507,30-100kg,30,100
ID166,2026-02-07,2026-04-03,56,47231.3776344175,97204.5238095238,159549.388678623,153,1019.86012602258,2849.09622640398,3.1927024990494,30-100kg,30,100
ID167,2026-01-17,2026-03-22,65,30383.25,96130.2727272727,175331.305543177,139,1153.45653907496,2697.40470066426,2.66675658106184,30-100kg,30,100
ID168,2026-01-14,2026-04-02,79,30835.4775157037,96422.4545454545,233741.623031614,152,910.930236524317,2958.75472191917,3.56384199451038,30-100kg,30,100
ID169,2026-01-11,2026-03-26,75,31649.4805627864,94892,234294.993681467,146,930.03705054726,3123.93324908623,3.70470682962073,30-100kg,30,100
ID172,2026-01-14,2026-03-17,63,32938.8855752123,96578.9467814915,151830.742640056,134,1116.49230186455,2410.0117879374,2.38577304550227,30-100kg,30,100
ID173,2026-01-12,2026-04-07,86,34270.1921604435,94406.1974476081,203008.541248275,157,761.215256799553,2360.56443311947,3.37582352334275,30-100kg,30,100
ID174,2026-01-13,2026-03-22,69,31428.4260336958,97503.4826693216,155338.461088452,139,1057.20090617001,2251.28204476017,2.35093950724966,30-100kg,30,100
ID175,2026-02-03,2026-03-28,54,42323.8636363636,95647,159369.924128225,147,1134.53481624758,2951.29489126342,2.98875750746175,30-100kg,30,100
ID178,2026-01-17,2026-03-19,62,37586.521519953,95454.2,153823.015678855,138,1061.79226568894,2481.01638191701,2.65818535872134,30-100kg,30,100
ID181,2026-01-11,2026-03-25,74,32352.0889952567,95992.7368421053,177081.633935818,143,949.860415624605,2392.99505318674,2.78252406169664,30-100kg,30,100
ID183,2026-01-11,2026-03-24,73,33215.5,96226,154826.44925141,143,933.488888888889,2120.91026371794,2.45715316100348,30-100kg,30,100
ID184,2026-01-15,2026-03-27,72,30425.7552931699,95901,174381.327351365,145,977.242458310897,2421.96287988007,2.66331692431498,30-100kg,30,100
ID185,2026-01-23,2026-03-30,67,32245.1,97106.8181818182,161994.186193661,148,1081.02863636364,2417.82367453225,2.4975315291458,30-100kg,30,100
ID189,2026-02-03,2026-04-02,59,37461.8306278706,94067.2385302057,147999.12300557,151,1088.56553658337,2508.45971195881,2.61457568260832,30-100kg,30,100
ID192,2026-01-14,2026-03-22,68,31528.9556682209,97362.4,168995.292651152,141,1097.22407219632,2485.22489192871,2.56701277544391,30-100kg,30,100
ID197,2026-01-12,2026-03-25,73,32534.3794029802,96774.8521524192,198851.651002931,144,988.314965375985,2723.99521921823,3.09542633315486,30-100kg,30,100
ID198,2026-01-12,2026-03-20,68,35272.1314003317,95763.0277777778,131952.689940599,139,983.591811015384,1940.48073442057,2.18136443403403,30-100kg,30,100
ID002,2025-12-07,2026-03-02,86,33878.6,111992.407533936,202022.249286806,164,982.563616779069,2349.09592193961,2.58625530702801,30-115kg,30,115
ID003,2025-12-06,2026-02-28,85,31088.6332762846,113437.251232922,213280.254900747,161,1049.02698033933,2509.17946942056,2.5899676302164,30-115kg,30,115
ID004,2025-12-09,2026-03-22,104,31061,112151.600001936,224857.323164456,176,835.98556703027,2162.08964581208,2.77291477876705,30-115kg,30,115
ID005,2025-12-02,2026-02-27,88,34643.0500593289,114133.452751565,222602.656729019,161,999.879279147622,2529.57564464795,2.80037148120727,30-115kg,30,115
ID006,2025-12-09,2026-02-26,80,34445.6320143295,111479.933333333,221620.888686919,159,1055.26440163019,2770.26110858649,2.87691177686124,30-115kg,30,115
ID007,2025-12-04,2026-02-21,80,34673.9090909091,110915.535770332,211745.869292086,154,1044.40584492361,2646.82336615108,2.77729999364289,30-115kg,30,115
ID008,2025-12-02,2026-02-12,73,35403.9684304229,110744.597108617,198113.401526902,145,1159.08659504914,2713.88221269729,2.62956926432235,30-115kg,30,115
ID009,2025-12-02,2026-02-27,88,33672.5928275092,114138.576923077,247776.22641287,161,999.577442180966,2815.63893650989,3.07926671372827,30-115kg,30,115
ID010,2025-12-16,2026-03-21,96,34281.7214083425,113259.291666667,254186.022384438,182,892.401923822872,2647.77106650456,3.2184583743591,30-115kg,30,115
ID011,2025-12-08,2026-03-31,114,31092.5677861799,114747.461602072,292206.470233989,193,778.185058752484,2563.21465117534,3.49299911702808,30-115kg,30,115
ID012,2025-12-06,2026-02-24,81,31497.7449589972,109090.554142939,282345.460442763,150,1048.55147545867,3485.7464252193,3.63880961924493,30-115kg,30,115
ID013,2025-12-09,2026-03-04,86,34687.5106382979,111721.544634943,217101.09760451,159,987.61582046981,2524.4313674943,2.81824910810155,30-115kg,30,115
ID015,2025-12-09,2026-03-08,90,32352.4409090909,112473.303357966,217613.865520434,169,971.161969077277,2417.93183911594,2.71606993321237,30-115kg,30,115
ID017,2025-12-05,2026-03-15,101,32030.4870631615,114999.209063623,215525.267342274,177,850.961251286783,2133.91353804232,2.59766888226958,30-115kg,30,115
ID018,2025-12-24,2026-04-16,114,33447.1666666667,113011,219969.843832535,201,723.307575757576,1929.56003361872,2.76469640308768,30-115kg,30,115
ID019,2025-12-08,2026-03-03,86,31384,111627.180980632,262981.108214972,164,1015.73646810926,3057.9198629648,3.27730163486973,30-115kg,30,115
ID020,2025-12-09,2026-03-16,98,32452.0454545455,113433.13107703,233318.426072822,178,904.816599133906,2380.8002660492,2.88114717503911,30-115kg,30,115
ID021,2025-12-02,2026-03-28,117,30377.9464600376,113590.681650211,266233.551181383,190,746.302557759402,2275.50043744771,3.19943276197971,30-115kg,30,115
ID023,2025-12-02,2026-02-25,86,31430.518734363,112724.611111111,219075.540489434,157,1016.17615470935,2547.39000569109,2.69485191462811,30-115kg,30,115
ID024,2025-12-21,2026-03-30,100,33506.2673394989,111960.231588142,264283.162608365,183,843.591013426265,2642.83162608365,3.3686400061414,30-115kg,30,115
ID027,2025-12-10,2026-03-19,100,30836.5233523752,113810.218261885,249675.010466634,173,882.698882016061,2496.75010466634,3.00908632234502,30-115kg,30,115
ID028,2025-12-10,2026-03-12,93,31411.3,113191.705128205,235564.410988627,173,979.406049439582,2532.95065579169,2.88045052625184,30-115kg,30,115
ID029,2025-12-14,2026-03-01,78,41592.94837293,112920,198688.84582427,163,1018.95788038671,2547.29289518295,2.78560295556734,30-115kg,30,115
ID030,2025-12-04,2026-03-03,90,35732.3724031129,112079.229313579,203878.977274124,164,898.198316593723,2265.32196971249,2.67043052621297,30-115kg,30,115
ID032,2025-12-15,2026-03-17,93,33065.7034173926,112588.47826087,258348.283167564,175,930.090933841836,2777.93852868348,3.24873325504631,30-115kg,30,115
ID033,2025-12-05,2026-03-12,98,33684.5416211577,112849.526149941,280889.806434916,173,879.610939208702,2866.222514642,3.54815715694088,30-115kg,30,115
ID034,2025-12-09,2026-03-14,96,31376.8803479265,114457.545711438,238395.564101572,175,912.974344653973,2483.28712605804,2.86944697732613,30-115kg,30,115
ID035,2025-12-09,2026-03-22,104,33215.8461538462,114969.658177951,246506.923476521,182,817.53812024105,2370.25887958194,3.01523460953526,30-115kg,30,115
ID036,2025-12-11,2026-03-08,88,33320.7115009747,111934.585944339,204733.502891798,170,976.569868861669,2326.51707831589,2.60429223647148,30-115kg,30,115
ID038,2025-12-13,2026-03-11,89,37657.4695042594,112442.85485705,230495.849391145,173,906.489519427768,2589.84100439488,3.08209750212303,30-115kg,30,115
ID040,2026-01-01,2026-04-11,101,34173.3122605364,110148.162162162,226001.490483962,194,816.933869909955,2237.63851964319,2.97468821296251,30-115kg,30,115
ID044,2025-12-23,2026-04-08,107,31128.625,113349.653003337,256030.303729651,186,822.210280033368,2392.80657691263,3.11392729995131,30-115kg,30,115
ID045,2025-12-23,2026-04-02,101,35987.4834371687,114039.5,192399.328095251,187,834.780925805682,1904.94384252723,2.46501418628141,30-115kg,30,115
ID048,2025-12-23,2026-04-01,100,37373.6265289158,111617.565914584,230016.449075394,184,798.32192887815,2300.16449075394,3.09811751610524,30-115kg,30,115
ID049,2025-12-23,2026-03-11,79,39501.3605277985,111221.2,240854.850333826,166,989.239165133814,3048.79557384589,3.35827369534451,30-115kg,30,115
ID055,2025-12-23,2026-03-22,90,38673.9961510754,111800.5,199169.892166548,177,875.766513160774,2212.99880185053,2.72363482025644,30-115kg,30,115
ID060,2025-12-27,2026-04-16,111,30983,114590.304180715,248802.099167607,195,792.486295551803,2241.46035286133,2.97584166366407,30-115kg,30,115
ID062,2025-12-23,2026-04-18,117,30706.9090530634,111221.280718681,239982.27286628,196,731.9488333238,2051.13053731864,2.98061411772477,30-115kg,30,115
ID063,2025-12-23,2026-03-25,93,31308.8802898318,110738.70624786,247953.684562309,179,912.98650526469,2666.16865120763,3.12166974523313,30-115kg,30,115
ID064,2025-12-23,2026-03-27,95,34346.0373914784,110040.535738892,187765.869292086,175,850.499981431609,1976.48283465354,2.48057485539176,30-115kg,30,115
ID066,2025-12-23,2026-04-05,104,35922.2072484716,112894.445449106,230752.057663942,184,785.431002047286,2218.76978523021,2.99786082694477,30-115kg,30,115
ID067,2025-12-23,2026-03-23,91,35536.0294301348,113636.969370296,238702.684658609,170,924.271478581792,2623.10642481988,3.05633561953922,30-115kg,30,115
ID068,2026-01-03,2026-04-10,98,35210.1875,110983.315789474,215910.286717459,191,832.671739444766,2203.16619099447,2.84943081527033,30-115kg,30,115
ID069,2025-12-23,2026-04-02,101,35688,113671.76563421,236925.319484427,187,834.050969349837,2345.79524242007,3.03813643208443,30-115kg,30,115
ID071,2025-12-23,2026-03-19,87,44147.3111554803,114450.985670805,205929.719710018,173,862.621773194173,2367.00827252894,2.92914589642293,30-115kg,30,115
ID072,2026-01-01,2026-03-28,87,34181.7736782541,113467.58079834,234009.331329807,169,984.91685863461,2689.76242907824,2.95146558797562,30-115kg,30,115
ID075,2025-12-24,2026-03-11,78,40767.375,112399.085261939,173927.523158749,163,1001.84210156558,2229.84004049678,2.42808000147896,30-115kg,30,115
ID077,2025-12-24,2026-04-09,107,34106.6246573647,113146.924659126,222168.22844612,188,782.57722774021,2076.3385836086,2.81082218110469,30-115kg,30,115
ID078,2026-01-02,2026-04-04,93,33575,108812.653143572,198821.932552589,176,874.856431902002,2137.87024250095,2.6425855172966,30-115kg,30,115
ID080,2026-01-05,2026-04-21,107,34138.1426887156,105093.230427841,202236.673557115,199,713.1164596897,1890.06236969266,2.85020679983741,30-115kg,30,115
ID081,2026-01-02,2026-04-05,94,33882.692950445,113753.109260257,232050.35282072,177,934.156915904229,2468.62077468851,2.90533546138802,30-115kg,30,115
ID084,2026-01-01,2026-04-03,93,35859.528214004,110743.975080362,197047.668513165,177,875.841483817052,2118.79213455016,2.63135639987867,30-115kg,30,115
ID086,2025-12-30,2026-04-21,113,37974,113347,212095.369071395,200,701.144186046512,1876.95016877341,2.81394357490607,30-115kg,30,115
ID087,2025-12-30,2026-03-27,88,32152.0388101461,107954,235151.603836179,152,935.826681356222,2672.17731632022,3.10218363938127,30-115kg,30,115
ID090,2026-01-17,2026-04-22,96,32260.4666666667,111357.389443642,241342.528922696,179,888.729469404223,2513.98467627808,3.05122526198893,30-115kg,30,115
ID091,2025-12-30,2026-03-23,84,32691.510476284,109757.111111111,201130.281775536,162,994.394846900995,2394.40811637543,2.60985809646233,30-115kg,30,115
ID093,2026-01-15,2026-04-21,97,33176.8589857181,110979.91953704,229857.995481544,184,869.307939120919,2369.67005651076,2.95435672906363,30-115kg,30,115
ID095,2025-12-30,2026-03-27,88,31208.2898686052,111028.727272727,198809.860533382,166,979.391869989228,2259.20296060661,2.49071374448663,30-115kg,30,115
ID096,2026-01-11,2026-04-19,99,33467.3333333333,112048.461450989,245692.54309403,191,854.142696931039,2481.74285953566,3.12661002685234,30-115kg,30,115
ID097,2026-01-01,2026-04-20,110,32455.0377996818,107905.327475494,241276.680329547,178,743.35260764347,2193.42436663224,3.19782311461284,30-115kg,30,115
ID099,2026-01-09,2026-04-10,92,30937.1986265433,112099.081777996,247953.808056889,180,971.998600616201,2695.15008757488,3.05505242644743,30-115kg,30,115
ID100,2025-12-30,2026-04-10,102,35252,110990,190211.678111933,164,788.9375,1864.8203736464,2.51144310797662,30-115kg,30,115
ID106,2025-12-30,2026-03-25,86,36244.0312890682,110691.777777778,190190.383506563,152,936.449641367416,2211.51608728562,2.55468288130664,30-115kg,30,115
ID107,2026-01-03,2026-04-07,95,33410.7771499743,114270.49154804,233950.969815884,179,924.111021692182,2462.64178753562,2.89329453557259,30-115kg,30,115
ID108,2026-01-02,2026-03-25,83,32261.9166666667,109046.222222222,195680.884566418,164,997.198773448774,2357.6010188725,2.54844897209935,30-115kg,30,115
ID109,2026-01-02,2026-03-27,85,34587.6174041802,110901.857142857,176317.025044854,167,984.699867595831,2074.31794170417,2.31040793498851,30-115kg,30,115
ID110,2026-01-11,2026-04-24,104,31648.4545603198,110967.482195479,206713.248785482,182,813.52848856574,1987.6273921681,2.60609912839946,30-115kg,30,115
ID111,2025-12-30,2026-03-17,78,45237.4522740776,112439.5,210005.874387474,163,939.88877938353,2692.38300496762,3.12499219136841,30-115kg,30,115
ID112,2025-12-30,2026-04-06,98,31857.9144172957,109925.198992685,214526.095116632,177,857.882248081199,2189.04178690441,2.74796409640027,30-115kg,30,115
ID113,2026-01-08,2026-04-12,95,33965.2916925487,113996.583333333,245228.893445174,169,909.446495918008,2581.3567731071,3.06416263460883,30-115kg,30,115
ID115,2025-12-30,2026-04-09,101,32309.0402430445,112899.255755304,230444.116868439,180,852.806513357245,2281.6249194895,2.85945527510574,30-115kg,30,115
ID116,2025-12-31,2026-03-23,83,31603.0993616442,111075.234743504,218468.699718916,148,1005.97639723873,2632.15300866164,2.74899747778493,30-115kg,30,115
ID117,2026-01-12,2026-04-12,91,34933.225,111384,195108.55694533,175,932.326524390244,2144.05007632231,2.55208082514965,30-115kg,30,115
ID118,2025-12-30,2026-03-27,88,35368.6238616604,112162.666666667,212712.463990735,166,948.074602530941,2417.18709080381,2.7699083968121,30-115kg,30,115
ID119,2026-01-15,2026-04-05,81,34994.3095238095,112868.956521739,249573.081090122,162,1059.51900677455,3081.14914926077,3.20480529557659,30-115kg,30,115
ID120,2026-01-11,2026-04-24,104,32532.8215459133,110009.5625,272537.114683606,185,790.578989327415,2620.54917965006,3.51766364108054,30-115kg,30,115
ID121,2026-01-02,2026-04-05,94,35417.1782733042,111333.611111111,200838.71201355,176,877.646622402392,2136.58204269735,2.64552356461,30-115kg,30,115
ID123,2026-01-11,2026-04-05,85,40776.5659263272,112578.454545455,206739.702489165,168,914.673740371049,2432.23179399017,2.87930730604893,30-115kg,30,115
ID124,2025-12-30,2026-03-16,77,39066.6146043464,112304.8,167303.988048911,155,1046.25979136648,2172.77906557027,2.28438194017351,30-115kg,30,115
ID125,2026-01-09,2026-04-15,97,30975.9213396688,112976.495351495,231199.821956693,171,911.117489020287,2383.50331914116,2.81949028702348,30-115kg,30,115
ID126,2026-01-11,2026-04-21,101,35998.1666666667,112612,213683.353605998,179,815.040780141844,2115.67676837622,2.78909622856618,30-115kg,30,115
ID127,2026-01-17,2026-04-17,91,35494.4518859633,111102.96,256638.200936341,175,900.101287071866,2820.20001028946,3.39430319864619,30-115kg,30,115
ID128,2025-12-30,2026-03-27,88,39495.9288646041,111056.444444444,186431.069450972,154,872.689214388297,2118.53488012469,2.60522255800366,30-115kg,30,115
ID131,2026-01-09,2026-04-18,100,31826,113135.019230769,202173.099465342,176,874.29052936311,2021.73099465342,2.4864781469266,30-115kg,30,115
ID132,2026-01-17,2026-04-17,91,33348.8695652174,112103.652722393,255278.619740589,172,943.171055774559,2805.25955758889,3.24143638655082,30-115kg,30,115
ID133,2025-12-30,2026-04-02,94,30826.7426988333,110917.731119856,226137.832307311,158,915.325581954547,2405.72162029054,2.82351156809987,30-115kg,30,115
ID135,2026-01-17,2026-04-18,92,33574.5333333333,108911.835262928,187320.048311904,173,886.321199171698,2036.08748165113,2.48641832816049,30-115kg,30,115
ID137,2026-01-07,2026-03-26,79,32974.0359538715,114069.25,224017.97675527,151,1126.32241730734,2835.67059183886,2.76240687431744,30-115kg,30,115
ID139,2026-01-03,2026-04-07,95,33460.5534952097,113371.489783933,207369.254624898,162,929.196933589809,2182.83425920946,2.59500469216953,30-115kg,30,115
ID140,2026-01-04,2026-04-24,111,30669.4101274033,111725.213250989,243597.28902244,180,790.788323156928,2194.57017137333,3.0053035024652,30-115kg,30,115
ID144,2025-12-30,2026-04-20,112,31930.9393870834,113076,223121.285550662,192,765.519439744496,1992.15433527377,2.74965948469753,30-115kg,30,115
ID145,2026-01-04,2026-03-20,76,33118.6095020578,110304.555555556,158217.887422355,147,1094.83611423401,2081.81430818888,2.04982766309159,30-115kg,30,115
ID146,2025-12-30,2026-03-14,75,42435.445762115,111753.636271762,187679.712071175,162,1011.94438700215,2502.396160949,2.70751026088966,30-115kg,30,115
ID147,2025-12-30,2026-03-23,84,38703.8007961509,112176.613093466,228459.224479012,162,948.036287707298,2719.75267236919,3.10943895211915,30-115kg,30,115
ID149,2025-12-30,2026-04-08,100,30233.2997113346,114002.569267285,244260.166743007,166,891.162442084579,2442.60166743007,2.91586840899769,30-115kg,30,115
ID150,2026-01-02,2026-04-05,94,33272.7169547017,114421.08927458,183602.615687397,163,927.409969370036,1953.21931582337,2.26255450896359,30-115kg,30,115
ID152,2026-01-11,2026-04-13,93,33695.8745992595,114372.331575548,197739.46279834,185,938.098336933589,2126.23078277785,2.45101818063796,30-115kg,30,115
ID153,2026-01-09,2026-03-28,79,34919.0625444004,110894.920053232,204398.459818124,155,1055.22024317822,2587.32227617879,2.69030803363246,30-115kg,30,115
ID162,2025-12-31,2026-04-05,96,35759.266899618,107285.934088658,196718.531656371,163,794.740746544889,2049.15137142053,2.75028236862285,30-115kg,30,115
ID164,2026-01-02,2026-04-07,96,35541.9809426353,114001.607142857,188034.565052331,165,848.212175137533,1958.69338596178,2.39657737563627,30-115kg,30,115
ID165,2026-01-15,2026-04-16,92,33277.6153846154,112842.995123455,215054.317490669,166,936.063291045176,2337.5469292464,2.70286295618206,30-115kg,30,115
ID166,2026-02-07,2026-04-21,74,47231.3776344175,111414.65,215854.680048234,171,957.959289038544,2916.95513578695,3.36309870301944,30-115kg,30,115
ID167,2026-01-17,2026-04-06,80,30383.25,112234.895447459,222683.945444614,154,1144.77825800642,2783.54931805767,2.72057994958153,30-115kg,30,115
ID168,2026-01-14,2026-04-24,101,30835.4775157037,109453.209121301,305899.168114709,174,836.358846868055,3028.7046347991,3.89096914738418,30-115kg,30,115
ID169,2026-01-11,2026-04-09,89,31649.4805627864,111287.069767442,298529.02039393,160,971.190112251897,3354.25865611157,3.74859439336818,30-115kg,30,115
ID172,2026-01-14,2026-04-11,88,32938.8855752123,110989.329799928,209903.302897506,159,934.73585897863,2385.26480565347,2.68932874095081,30-115kg,30,115
ID173,2026-01-12,2026-04-23,102,34270.1921604435,111621.896254214,258233.691460181,173,814.228464144955,2531.70285745275,3.33843571367391,30-115kg,30,115
ID174,2026-01-13,2026-04-07,85,31428.4260336958,110343.897251529,197784.180299535,155,998.930015415616,2326.87270940629,2.5062788987673,30-115kg,30,115
ID175,2026-02-03,2026-04-17,74,42323.8636363636,112896,229818.368815446,167,1053.31546811398,3105.65363264116,3.25650292958772,30-115kg,30,115
ID178,2026-01-17,2026-04-06,80,37586.521519953,113274.005756956,204352.316403175,156,1043.96529982073,2554.40395503969,2.69994859075087,30-115kg,30,115
ID181,2026-01-11,2026-04-17,97,32352.0889952567,114069.272727273,243800.612011472,166,918.170603730517,2513.40837125229,2.983468113769,30-115kg,30,115
ID183,2026-01-11,2026-04-14,94,33215.5,112660.058823529,190588.41528102,164,907.93781512605,2027.5363327768,2.39901156357825,30-115kg,30,115
ID184,2026-01-15,2026-04-13,89,30425.7552931699,112564.125,222447.471130643,162,977.83773460512,2499.40978798476,2.70820411854542,30-115kg,30,115
ID185,2026-01-23,2026-04-15,83,32245.1,112478.571428571,202084.877047769,164,1055.70357142857,2434.7575547924,2.51871037672447,30-115kg,30,115
ID189,2026-02-03,2026-04-22,79,37461.8306278706,110172.014565551,199276.94179325,171,1009.86366580112,2522.49293409177,2.74070193473928,30-115kg,30,115
ID192,2026-01-14,2026-04-01,78,31528.9556682209,111493.931034483,214659.615651014,151,1126.26725867974,2752.04635450018,2.68442045617864,30-115kg,30,115
ID197,2026-01-12,2026-04-11,90,32534.3794029802,112732.646178952,265818.071963508,161,978.027643609408,2953.53413292787,3.31451143085241,30-115kg,30,115
ID198,2026-01-12,2026-04-07,86,35272.1314003317,110315,175356.259366298,157,943.935454083879,2039.02627170114,2.33674781679485,30-115kg,30,115
ID002,2025-12-07,2026-03-17,101,33878.6,118691.666910465,236645.040051853,179,878.891885082541,2343.0201985332,2.79019552849884,30-120kg,30,120
ID003,2025-12-06,2026-03-18,103,31088.6332762846,117223.88015629,234471.830332552,179,857.067133134381,2276.42553720925,2.72213569735505,30-120kg,30,120
ID004,2025-12-09,2026-03-29,111,31061,117825.580000159,235801.855399272,183,834.27480769384,2124.34103963308,2.71772024250955,30-120kg,30,120
ID005,2025-12-02,2026-03-03,92,34643.0500593289,115860.526240601,238455.494257929,165,961.153564275408,2591.90754628184,2.93601211795491,30-120kg,30,120
ID006,2025-12-09,2026-02-28,82,34445.6320143295,113959.555555556,230041.039550529,161,1060.18564721635,2805.37853110401,2.89309128898988,30-120kg,30,120
ID007,2025-12-04,2026-02-26,85,34673.9090909091,116369.684183862,227496.976958707,159,1047.38173196093,2676.43502304361,2.78468472451437,30-120kg,30,120
ID008,2025-12-02,2026-02-14,75,35403.9684304229,111558.63094297,205783.358329913,147,1136.63675391861,2743.77811106551,2.70217674848221,30-120kg,30,120
ID009,2025-12-02,2026-03-01,90,33672.5928275092,114970.830982647,258954.37727648,163,979.496845242624,2877.27085862755,3.18523971924617,30-120kg,30,120
ID010,2025-12-16,2026-03-26,101,34281.7214083425,116133.615384615,268569.554619254,187,875.421325949442,2659.10450118073,3.28116481577209,30-120kg,30,120
ID011,2025-12-08,2026-04-05,119,31092.5677861799,117293.75,302257.771961208,198,780.10119650516,2539.98127698494,3.50642258259828,30-120kg,30,120
ID012,2025-12-06,2026-03-02,87,31497.7449589972,117515.368421053,304482.337601787,156,1075.22029327569,3499.79698392859,3.53976691458004,30-120kg,30,120
ID013,2025-12-09,2026-03-15,97,34687.5106382979,119087.161895423,238187.780702935,170,970.110933989946,2455.5441309581,2.82214176427449,30-120kg,30,120
ID015,2025-12-09,2026-03-19,101,32352.4409090909,119676.057815679,234998.973187055,180,895.626840067568,2326.72250680253,2.69112734345898,30-120kg,30,120
ID017,2025-12-05,2026-03-21,107,32030.4870631615,118027.135968936,247502.950440699,183,855.688048813677,2313.11168636168,2.8780534310341,30-120kg,30,120
ID018,2025-12-24,2026-04-22,120,33447.1666666667,118848.746865052,257635.871855169,207,755.766196445887,2146.96559879307,3.01675766720813,30-120kg,30,120
ID019,2025-12-08,2026-03-09,92,31384,117927.18337512,287323.259078582,170,1018.15509853082,3123.07890302807,3.31999873211486,30-120kg,30,120
ID020,2025-12-09,2026-03-20,102,32452.0454545455,117023.724571317,252436.490542454,182,885.567320594463,2474.86755433778,2.98488209266728,30-120kg,30,120
ID021,2025-12-02,2026-03-29,118,30377.9464600376,113687.45908303,279261.551181383,191,743.834934133862,2366.62331509646,3.35209680610122,30-120kg,30,120
ID023,2025-12-02,2026-03-01,90,31430.518734363,115874.636363636,232310.497292445,161,1005.28711463421,2581.22774769383,2.75105600975469,30-120kg,30,120
ID024,2025-12-21,2026-04-01,102,33506.2673394989,115232,274828.270274986,185,860.270870110537,2694.39480661751,3.36281194830834,30-120kg,30,120
ID027,2025-12-10,2026-03-19,100,30836.5233523752,114580.124097515,260522.118133255,173,890.889369629149,2605.22118133255,3.11094956289391,30-120kg,30,120
ID028,2025-12-10,2026-03-21,102,31411.3,118533.431021889,256319.288147651,182,952.154437397699,2512.93419752599,2.94206862413927,30-120kg,30,120
ID029,2025-12-14,2026-03-10,87,41592.94837293,118125.257829428,219415.104354501,172,968.76341084175,2522.01269372989,2.86696044994198,30-120kg,30,120
ID030,2025-12-04,2026-03-10,97,35732.3724031129,115880.562058538,221994.128137733,171,871.175974515494,2288.59925915189,2.76979591294744,30-120kg,30,120
ID032,2025-12-15,2026-03-29,105,33065.7034173926,118666.972476785,285593.398589868,187,873.482337340736,2719.93712942731,3.33632201634437,30-120kg,30,120
ID033,2025-12-05,2026-03-17,103,33684.5416211577,116558.5,299614.338669732,178,872.357456619393,2908.87707446341,3.61530141109107,30-120kg,30,120
ID034,2025-12-09,2026-03-23,105,31376.8803479265,118267.691065446,283103.124359022,184,877.684956742622,2696.22023199068,3.25814803684345,30-120kg,30,120
ID035,2025-12-09,2026-03-26,108,33215.8461538462,116921.3902758,272372.182006752,186,828.767763583705,2521.96464821067,3.25393239914815,30-120kg,30,120
ID036,2025-12-11,2026-03-16,96,33320.7115009747,117958.2,219451.078323603,178,972.844695391096,2285.94873253753,2.59283542334943,30-120kg,30,120
ID038,2025-12-13,2026-03-21,99,37657.4695042594,118575.860203976,247280.187231022,183,865.437333686804,2497.77966900022,3.05592072571815,30-120kg,30,120
ID040,2026-01-01,2026-04-19,109,34173.3122605364,117597.107659286,245220.749014193,202,830.087516405468,2249.73164233204,2.93945807478652,30-120kg,30,120
ID044,2025-12-23,2026-04-11,110,31128.625,116044.786647524,266506.303729651,189,824.428753859456,2422.78457936047,3.13846385139126,30-120kg,30,120
ID045,2025-12-23,2026-04-17,116,35987.4834371687,118658,215088.773936089,202,744.779428493976,1854.21356841456,2.60175916250162,30-120kg,30,120
ID048,2025-12-23,2026-04-11,110,37373.6265289158,118368.405709413,253417.556742015,194,790.192967614601,2303.79597038195,3.12881347793139,30-120kg,30,120
ID049,2025-12-23,2026-03-16,84,39501.3605277985,116179.434782609,255851.382568642,171,995.819146166367,3045.84979248383,3.33669546418729,30-120kg,30,120
ID055,2025-12-23,2026-03-26,94,38673.9961510754,116697.100516837,213074.762575581,181,891.692621322996,2266.75279335724,2.73091880036859,30-120kg,30,120
ID060,2025-12-27,2026-04-18,113,30983,118155.824300184,270562.206834228,197,822.3851349074,2394.35581269228,3.10374487698749,30-120kg,30,120
ID062,2025-12-23,2026-04-22,121,30706.9090530634,117836.888157303,253670.229669291,200,764.298062317894,2096.44817908505,2.91140009761517,30-120kg,30,120
ID063,2025-12-23,2026-03-29,97,31308.8802898318,115592.152633755,262615.684562309,183,926.189805977177,2707.37819136401,3.11586958193424,30-120kg,30,120
ID064,2025-12-23,2026-04-17,116,34346.0373914784,119042.089379188,209932.595587501,196,749.522583962031,1809.76375506466,2.47865857570273,30-120kg,30,120
ID066,2025-12-23,2026-04-16,115,35922.2072484716,118731.071428571,244499.740762368,195,756.24533497808,2126.08470228146,2.95257933052443,30-120kg,30,120
ID067,2025-12-23,2026-03-25,93,35536.0294301348,114986.189263229,249109.410954023,172,913.2202279666,2678.59581670993,3.13541736703038,30-120kg,30,120
ID068,2026-01-03,2026-04-22,110,35210.1875,118689.387509181,233920.120679494,203,818.423529501774,2126.54655163176,2.80213658796164,30-120kg,30,120
ID069,2025-12-23,2026-04-09,108,35688,117674,259472.470348037,194,811.742574257426,2402.52287359293,3.1648387572029,30-120kg,30,120
ID071,2025-12-23,2026-03-20,88,44147.3111554803,114748.594918216,216531.870573627,174,866.273420401668,2460.58943833667,3.06696789397355,30-120kg,30,120
ID072,2026-01-01,2026-04-03,93,34181.7736782541,116483.19047619,254307.740723647,175,945.993296528004,2734.49183573814,3.08995580656909,30-120kg,30,120
ID075,2025-12-24,2026-03-21,88,40767.375,116601,186391.098590553,173,908.187125748503,2118.08066580174,2.45789514335565,30-120kg,30,120
ID077,2025-12-24,2026-04-09,107,34106.6246573647,113499.225282296,225979.22844612,188,793.926006249311,2111.9554060385,2.84635125524729,30-120kg,30,120
ID078,2026-01-02,2026-04-17,106,33575,118931.429939871,214606.040219209,189,836.827744508543,2024.58528508688,2.51423402279578,30-120kg,30,120
ID080,2026-01-05,2026-04-24,110,34138.1426887156,114593.219669361,210348.673557115,202,784.92758029898,1912.26066870104,2.61448601444651,30-120kg,30,120
ID081,2026-01-02,2026-04-21,110,33882.692950445,119002.909740035,258521.568153961,193,830.44113941063,2350.19607412692,3.03713474782385,30-120kg,30,120
ID084,2026-01-01,2026-04-17,107,35859.528214004,118670.571428571,236217.114019663,191,832.27179110118,2207.63657962302,2.85248325404636,30-120kg,30,120
ID086,2025-12-30,2026-04-22,114,37974,115397,229478.716394516,201,716.87962962963,2012.97119644313,2.96396053362071,30-120kg,30,120
ID087,2025-12-30,2026-04-08,100,32152.0388101461,117921.230769231,262703.164093629,164,922.249375904136,2627.03164093629,3.06290823188527,30-120kg,30,120
ID090,2026-01-17,2026-04-24,98,32260.4666666667,111820.163829598,247519.104354501,181,874.282386405841,2525.7051464745,3.11111169575725,30-120kg,30,120
ID091,2025-12-30,2026-03-28,89,32691.510476284,116053.001582241,215092.857207341,167,1010.44231643584,2416.77367648698,2.58024243992886,30-120kg,30,120
ID093,2026-01-15,2026-04-24,100,33176.8589857181,114813.5,238482.52771636,187,882.55828123548,2384.8252771636,2.92126825348728,30-120kg,30,120
ID095,2025-12-30,2026-04-03,95,31208.2898686052,117788.333333333,217654.500434818,173,978.305575872634,2291.10000457704,2.51391073190543,30-120kg,30,120
ID096,2026-01-11,2026-04-24,104,33467.3333333333,116924.1,263566.650760651,196,855.966837606838,2534.29471885241,3.15812199882315,30-120kg,30,120
ID097,2026-01-01,2026-04-24,114,32455.0377996818,117867.091849766,255007.406624961,182,805.77409481212,2236.90707565756,2.98561379258515,30-120kg,30,120
ID099,2026-01-09,2026-04-13,95,30937.1986265433,115025.0064927,258895.958920498,183,961.003518470362,2725.22062021577,3.07887630193173,30-120kg,30,120
ID100,2025-12-30,2026-04-12,104,35252,113339,196134.253543738,166,796.80612244898,1885.9062840744,2.51174015577161,30-120kg,30,120
ID106,2025-12-30,2026-03-30,91,36244.0312890682,115819,205306.12060772,157,941.71560604653,2256.11121546945,2.5800339470258,30-120kg,30,120
ID107,2026-01-03,2026-04-16,104,33410.7771499743,117265.752193331,262950.65291431,188,868.963471951879,2528.37166263759,3.13577879879344,30-120kg,30,120
ID108,2026-01-02,2026-03-30,88,32261.9166666667,116575.721335716,213669.035430027,169,1028.21713011036,2428.05722079577,2.53421176127356,30-120kg,30,120
ID109,2026-01-02,2026-04-04,93,34587.6174041802,118566.930248365,200358.902203879,175,982.214185312104,2154.39679789117,2.38581259381848,30-120kg,30,120
ID110,2026-01-11,2026-04-24,104,31648.4545603198,110967.482195479,206713.248785482,182,813.52848856574,1987.6273921681,2.60609912839946,30-120kg,30,120
ID111,2025-12-30,2026-03-22,83,45237.4522740776,117402.777777778,226406.874387475,168,943.337588283662,2727.79366731897,3.1373360101572,30-120kg,30,120
ID112,2025-12-30,2026-04-14,106,31857.9144172957,118420,234048.821412047,185,874.364500835397,2208.00774917025,2.70382604389111,30-120kg,30,120
ID113,2026-01-08,2026-04-18,101,33965.2916925487,118631.279685479,267359.108778416,175,900.701999924787,2647.11988889521,3.15781006182485,30-120kg,30,120
ID115,2025-12-30,2026-04-14,106,32309.0402430445,117314.689326466,241842.267732049,185,854.328131491674,2281.53082766084,2.84501407070857,30-120kg,30,120
ID116,2025-12-31,2026-03-28,88,31603.0993616442,117810.224798387,232853.001446135,153,1032.42066391309,2646.05683461518,2.70108764520861,30-120kg,30,120
ID117,2026-01-12,2026-04-17,96,34933.225,115490.5,220560.434104354,180,915.423579545454,2297.50452192036,2.73793315506705,30-120kg,30,120
ID118,2025-12-30,2026-03-31,92,35368.6238616604,116549.765987279,226693.463990735,170,955.072260301394,2464.05939120364,2.79243994424164,30-120kg,30,120
ID119,2026-01-15,2026-04-13,89,34994.3095238095,117571.00593274,265102.800301205,170,1007.03288303573,2978.68314945174,3.21038273302172,30-120kg,30,120
ID120,2026-01-11,2026-04-24,104,32532.8215459133,110009.5625,272537.114683606,185,790.578989327415,2620.54917965006,3.51766364108054,30-120kg,30,120
ID121,2026-01-02,2026-04-10,99,35417.1782733042,116974.769230769,215167.438308965,181,891.339791884864,2173.40846776732,2.63822699742544,30-120kg,30,120
ID123,2026-01-11,2026-04-14,94,40776.5659263272,116168,225655.810155786,177,861.616389413404,2400.59372506155,2.99312266610121,30-120kg,30,120
ID124,2025-12-30,2026-03-24,85,39066.6146043464,117233.285714286,187165.722303445,163,1002.13680910179,2201.94967415818,2.39444407246411,30-120kg,30,120
ID125,2026-01-09,2026-04-24,106,30975.9213396688,118138.23547864,256892.123683912,180,884.896590243364,2423.51060079162,2.94728434211056,30-120kg,30,120
ID126,2026-01-11,2026-04-23,103,35998.1666666667,113049.071376683,220851.929037803,181,802.613590729332,2144.19348580391,2.86631195141689,30-120kg,30,120
ID127,2026-01-17,2026-04-18,92,35494.4518859633,111102.96,260176.776368146,176,889.511860165138,2828.0084387842,3.44110448490445,30-120kg,30,120
ID128,2025-12-30,2026-04-01,93,39495.9288646041,116831.932493869,198739.220314582,159,894.057845425026,2136.98086359766,2.56981497605311,30-120kg,30,120
ID131,2026-01-09,2026-04-22,104,31826,115848,215441.207131963,180,861.764102564103,2071.55006857657,2.56410472414324,30-120kg,30,120
ID132,2026-01-17,2026-04-22,96,33348.8695652174,116652.395403501,274802.129662442,177,935.994672340263,2862.52218398377,3.29880550549462,30-120kg,30,120
ID133,2025-12-30,2026-04-08,100,30826.7426988333,117278.954792656,252446.709466335,164,919.70438397684,2524.46709466335,2.92007229603755,30-120kg,30,120
ID135,2026-01-17,2026-04-23,97,33574.5333333333,116844.220375119,203857.774607319,178,925.218744908732,2101.62654234349,2.44816309331173,30-120kg,30,120
ID137,2026-01-07,2026-03-30,83,32974.0359538715,116021.272727273,237791.508990086,155,1092.72679965002,2864.95793963959,2.8633283686357,30-120kg,30,120
ID139,2026-01-03,2026-04-11,99,33460.5534952097,114866.19483272,211476.786859714,166,914.670127387759,2136.12916019913,2.59781488586183,30-120kg,30,120
ID140,2026-01-04,2026-04-24,111,30669.4101274033,111725.213250989,243597.28902244,180,790.788323156928,2194.57017137333,3.0053035024652,30-120kg,30,120
ID144,2025-12-30,2026-04-21,113,31930.9393870834,114562,227059.817785478,193,772.252902924454,2009.37891845556,2.74787490443981,30-120kg,30,120
ID145,2026-01-04,2026-03-27,83,33118.6095020578,117033.153846154,178743.801028377,154,1082.76831411737,2153.53977142623,2.13006937504694,30-120kg,30,120
ID146,2025-12-30,2026-03-23,84,42435.445762115,119177.295292975,211770.201109002,171,990.217413301419,2521.07382272621,2.75951390803845,30-120kg,30,120
ID147,2025-12-30,2026-03-29,90,38703.8007961509,116825.75,241117.890656298,168,935.592206034122,2679.08767395887,3.08642952606228,30-120kg,30,120
ID149,2025-12-30,2026-04-13,105,30233.2997113346,118612.226455565,264932.238968322,171,901.825783104388,2523.16418065069,2.99768563308129,30-120kg,30,120
ID150,2026-01-02,2026-04-11,100,33272.7169547017,117599.114285714,206867.766551006,169,916.591275337094,2068.67766551006,2.45317923092307,30-120kg,30,120
ID152,2026-01-11,2026-04-24,104,33695.8745992595,118949,226284.102699776,196,869.929851027964,2175.80867980554,2.65426166649148,30-120kg,30,120
ID153,2026-01-09,2026-03-31,82,34919.0625444004,114504.272727273,213869.373424146,158,1061.13613577163,2608.16309053837,2.68730047872857,30-120kg,30,120
ID162,2025-12-31,2026-04-13,104,35759.266899618,116653.842919809,213641.639322992,171,821.264731169447,2054.24653195184,2.64098843004837,30-120kg,30,120
ID164,2026-01-02,2026-04-15,104,35541.9809426353,118552.2,215742.780385572,173,838.487061185502,2074.44981139973,2.59899061628162,30-120kg,30,120
ID165,2026-01-15,2026-04-22,98,33277.6153846154,117078.936348045,230886.317490669,172,925.981447109721,2355.98283153744,2.75516322220537,30-120kg,30,120
ID166,2026-02-07,2026-04-24,77,47231.3776344175,113467.958398088,225628.255480039,174,946.236868052435,2930.23708415635,3.40639949826323,30-120kg,30,120
ID167,2026-01-17,2026-04-17,91,30383.25,119109.354127389,253316.517268801,165,1056.26314437368,2783.69799196485,2.85503933436658,30-120kg,30,120
ID168,2026-01-14,2026-04-24,101,30835.4775157037,109453.209121301,305899.168114709,174,836.358846868055,3028.7046347991,3.89096914738418,30-120kg,30,120
ID169,2026-01-11,2026-04-14,94,31649.4805627864,116988.245827079,318821.32212115,165,980.905347865433,3391.71619277819,3.735949555091,30-120kg,30,120
ID172,2026-01-14,2026-04-19,96,32938.8855752123,118295,232914.02919292,167,948.40127138653,2426.18780409292,2.72873280095422,30-120kg,30,120
ID173,2026-01-12,2026-04-24,103,34270.1921604435,113206.101830363,261907.266891986,174,822.249059061665,2542.78899895132,3.31797363186391,30-120kg,30,120
ID174,2026-01-13,2026-04-13,91,31428.4260336958,118196.714285714,218388.482026754,161,1020.80339120022,2399.87342886543,2.51691587360171,30-120kg,30,120
ID175,2026-02-03,2026-04-18,75,42323.8636363636,113379.546963167,233301.368815446,168,1044.93651951182,3110.68491753928,3.28335972426628,30-120kg,30,120
ID178,2026-01-17,2026-04-15,89,37586.521519953,117143,225162.771616247,165,988.279235776981,2529.91878220502,2.83022546897571,30-120kg,30,120
ID181,2026-01-11,2026-04-21,101,32352.0889952567,115862,261545.719678093,170,888.403308561099,2589.56158097122,3.13191232670859,30-120kg,30,120
ID183,2026-01-11,2026-04-19,99,33215.5,117142.954545455,208832.596902885,169,897.619834710744,2109.42017073621,2.48825128837647,30-120kg,30,120
ID184,2026-01-15,2026-04-16,92,30425.7552931699,114989.360428977,230130.003365459,165,971.99546133112,2501.41308005934,2.72138354314336,30-120kg,30,120
ID185,2026-01-23,2026-04-21,89,32245.1,115997.666666667,219516.488592232,170,1021.37276422764,2466.47739991272,2.62101207555707,30-120kg,30,120
ID189,2026-02-03,2026-04-24,81,37461.8306278706,114485,203648.94179325,173,1040.85364016391,2514.18446658334,2.64399587102605,30-120kg,30,120
ID192,2026-01-14,2026-04-05,82,31528.9556682209,115007.761735663,225627.723317635,155,1120.5208868113,2751.55760143457,2.70281445011746,30-120kg,30,120
ID197,2026-01-12,2026-04-15,94,32534.3794029802,116139.958333333,277817.222827118,165,972.15789453899,2955.50237050126,3.32295076933265,30-120kg,30,120
ID198,2026-01-12,2026-04-11,90,35272.1314003317,118508.617776964,187029.410229908,161,996.844148223139,2078.10455811009,2.24696426256665,30-120kg,30,120
