device,pattern,arm,kind,k,bs,family,span,degree,min_valid,rate_realised,acc,bias,coverage,adfi_r,acc_affected,n_interior,n_outward_days,acc_interior,acc_outward,n_na_days,n_gap,n_smooth,n_fallback,n_self_extrap,n_negative_pred,mean_edf,mean_span_pts,n_branch_gam,n_branch_fcr,n_branch_skip,n_fit_failed,runtime_s
FIRE,14d,gam_k15_cr_gamma,gam_pure,15,cr,Gamma,,,10,0.0996489203097196,0.973968631909825,-0.00403168759338021,1,0.990625088962934,0.746632983230369,2016,56,0.749110071247765,0.641395736558162,0,2375,2375,0,56,0,4.57014820820434,,189,0,0,0,6.65515470504761
FIRE,14d,gam_k15_cr_gauss,gam_pure,15,cr,gaussian,,,10,0.0996489203097196,0.974792790124337,-0.00515394183861833,1,0.991473503495614,0.754654632627885,2016,56,0.766287343127038,0.260447557356987,0,2375,2375,0,56,15,4.50706389652735,,189,0,0,0,5.56017255783081
FIRE,14d,gam_k15_ps_gauss,gam_pure,15,ps,gaussian,,,10,0.0996489203097196,0.974785794291557,-0.00477738137920838,1,0.991431230623883,0.754586541190076,2016,56,0.767589551372836,0.202163300483894,0,2375,2375,0,56,18,4.14731355983048,,189,0,0,0,5.46901774406433
FIRE,14d,gam_k15_tp_gauss,gam_pure,15,tp,gaussian,,,10,0.0996489203097196,0.975044020575834,-0.00454117256780907,1,0.992209119721936,0.757099894428837,2016,56,0.767987466448699,0.294549474633819,0,2375,2375,0,56,13,4.42442101477217,,189,0,0,0,5.31845951080322
FIRE,14d,gam_k3_cr_gauss,gam_pure,3,cr,gaussian,,,10,0.0996489203097196,0.976414461953104,-0.00340979888058122,1,0.995524426594912,0.770438595730045,2016,56,0.772684745851989,0.675012574213715,0,2375,2375,0,56,11,1.82536685002286,,189,0,0,0,6.70005941390991
FIRE,14d,gam_k3_ps_gauss,gam_pure,3,ps,gaussian,,,10,0.0996489203097196,0.963837901451436,-0.00238503333799292,1,0.978521687344495,0.648029139396737,2016,56,0.656214869277736,0.300264478379798,0,2375,0,2375,56,0,,,0,0,0,189,0.838006973266602
FIRE,14d,gam_k3_tp_gauss,gam_pure,3,tp,gaussian,,,10,0.0996489203097196,0.976467938800783,-0.0030905646589067,1,0.995512040226538,0.770959093512396,2016,56,0.773302474516558,0.671402290100444,0,2375,2375,0,56,11,1.82474732074482,,189,0,0,0,5.90944910049439
FIRE,14d,gam_k6_cr_gamma,gam_pure,6,cr,Gamma,,,10,0.0996489203097196,0.975682061866172,-0.00451702054309778,1,0.993969194488987,0.763310041269711,2016,56,0.765186016227452,0.683610636972302,0,2375,2375,0,56,0,3.46830986228139,,189,0,0,0,6.18839693069458
FIRE,14d,gam_k6_cr_gauss,gam_pure,6,cr,gaussian,,,10,0.0996489203097196,0.97666841536558,-0.00327764970340381,1,0.995557843465864,0.772910360498399,2016,56,0.774789338398112,0.693083378439218,0,2375,2375,0,56,1,3.43062359065319,,189,0,0,0,4.77427983283997
FIRE,14d,gam_k6_ps_gauss,gam_pure,6,ps,gaussian,,,10,0.0996489203097196,0.97644828776016,-0.00233107582862948,1,0.995056512138024,0.770767827132471,2016,56,0.773338802285952,0.661541855138368,0,2375,2375,0,56,1,2.97849002083801,,189,0,0,0,5.25873041152954
FIRE,14d,gam_k6_tp_gauss,gam_pure,6,tp,gaussian,,,10,0.0996489203097196,0.976550374973432,-0.00317161291604978,1,0.995366071429603,0.771761456533263,2016,56,0.77355605494685,0.695519274341147,0,2375,2375,0,56,1,3.41216596904878,,189,0,0,0,5.53982377052307
FIRE,14d,loess_s0.30_d1,pure,,,,0.3,1,,0.0996489203097196,0.974566014103238,-0.0036134421171507,1,0.993181576411523,0.752447389284327,2016,56,0.762996057258737,0.304295056428093,0,2375,2319,56,0,,,26.4650793650794,0,0,0,0,0.373487234115601
FIRE,14d,loess_s0.30_d2,pure,,,,0.3,2,,0.0996489203097196,0.974248094692034,-0.00214819403045054,1,0.992394617910789,0.749353034331067,2016,56,0.759828866975604,0.304295056428093,0,2375,2319,56,0,,,26.4650793650794,0,0,0,0,0.376254796981812
FIRE,14d,loess_s0.50_d1,pure,,,,0.5,1,,0.0996489203097196,0.975444680544581,-0.00496324241084603,1,0.994483707188721,0.760999575024523,2016,56,0.771749545460652,0.304295056428093,0,2375,2319,56,0,,,44.1084656084656,0,0,0,0,0.347364902496338
FIRE,14d,loess_s0.50_d2,pure,,,,0.5,2,,0.0996489203097196,0.975224934397799,-0.00301093834254273,1,0.993716150045355,0.758860754449898,2016,56,0.769560381048799,0.304295056428093,0,2375,2319,56,0,,,44.1084656084656,0,0,0,0,0.377813339233398
FIRE,14d,loess_s0.75_d1,pure,,,,0.75,1,,0.0996489203097196,0.975459327092223,-0.00540262778565728,1,0.994687987867285,0.761142131960801,2016,56,0.771962614696769,0.301441950618626,0,2375,2319,56,0,,,66.1626984126984,0,0,0,0,0.368299007415772
FIRE,14d,loess_s0.75_d2,pure,,,,0.75,2,,0.0996489203097196,0.975745878195084,-0.00288085991179942,1,0.994274370235819,0.763931174696949,2016,56,0.774750149507954,0.304295056428093,0,2375,2319,56,0,,,66.1626984126984,0,0,0,0,0.373971462249756
FIRE,14d,loess_s1.00_d1,pure,,,,1,1,,0.0996489203097196,0.975015051594526,-0.00565270510648705,1,0.994259720167061,0.756817935203817,2016,56,0.767469477657264,0.304295056428093,0,2375,2319,56,0,,,88.2169312169312,0,0,0,0,0.36752200126648
FIRE,14d,loess_s1.00_d2,pure,,,,1,2,,0.0996489203097196,0.975883902291513,-0.00288127111474731,1,0.994555380242669,0.765274582904822,2016,56,0.776192335809286,0.301441950618626,0,2375,2319,56,0,,,88.2169312169312,0,0,0,0,0.375363349914551
FIRE,14d,nofill,nofill,,,,,,,0.0996489203097196,0.897258260281594,-0.102741739718407,0.90035107969028,0.919597904969497,0,2016,56,0,0,2072,2375,,0,0,0,,,0,0,0,0,0.014096736907959
FIRE,14d,pop_k6_cr,gam_pop,6,cr,gaussian,,,10,0.0996489203097196,0.976035000404577,-0.00140499064751411,1,0.995313540488706,0.766745242380497,2016,56,0.771011726284673,0.585486839007828,0,2375,2375,0,56,0,4.97367007707032,,189,0,0,0,1.05351614952087
FIRE,14d,pop_k6_cr_mv6,gam_pop,6,cr,gaussian,,,6,0.0996489203097196,0.976035000404577,-0.00140499064751411,1,0.995313540488706,0.766745242380497,2016,56,0.771011726284673,0.585486839007828,0,2375,2375,0,56,0,4.97367007707032,,189,0,0,0,1.37177443504334
FIRE,14d,router_k6_cr,gam_router,6,cr,gaussian,,,10,0.0996489203097196,0.964042599348523,-0.00273313383636683,1,0.979008779980931,0.650021493211733,2016,56,0.658254119376298,0.300264478379798,0,2375,80,0,56,0,3.7755425227959,,38,151,0,0,3.38554072380066
FIRE,2d,gam_k15_cr_gamma,gam_pure,15,cr,Gamma,,,10,0.0999374789592651,0.977046994518787,-0.000902817024334762,1,0.99820653665291,0.771795480987025,2036,42,0.775721385868783,0.328703610276766,0,2381,2381,0,44,0,4.53662980589485,,211,0,0,0,7.61327219009399
FIRE,2d,gam_k15_cr_gauss,gam_pure,15,cr,gaussian,,,10,0.0999374789592651,0.97722371232641,-0.000508178319702506,1,0.998242033780344,0.773552453611928,2036,42,0.777447679892495,0.333923081154106,0,2381,2381,0,44,0,4.46109186557612,,211,0,0,0,6.26849389076233
FIRE,2d,gam_k15_ps_gauss,gam_pure,15,ps,gaussian,,,10,0.0999374789592651,0.977171691877462,-0.000482972113920476,1,0.998234556724961,0.773035253302771,2036,42,0.776960432452378,0.330025291356427,0,2381,2381,0,44,1,4.17564081533561,,211,0,0,0,6.20173215866089
FIRE,2d,gam_k15_tp_gauss,gam_pure,15,tp,gaussian,,,10,0.0999374789592651,0.977173033068662,-0.000541386526630221,1,0.998245185362852,0.773048587760996,2036,42,0.776930392161655,0.334934057372996,0,2381,2381,0,44,0,4.47203295332563,,211,0,0,0,6.26739239692688
FIRE,2d,gam_k3_cr_gauss,gam_pure,3,cr,gaussian,,,10,0.0999374789592651,0.976117171300889,-0.000561759812049985,1,0.998036266971294,0.762550946088051,2036,42,0.765575669546288,0.421169680912916,0,2381,2381,0,44,2,1.79142855655929,,211,0,0,0,7.81050324440002
FIRE,2d,gam_k3_ps_gauss,gam_pure,3,ps,gaussian,,,10,0.0999374789592651,0.964084584023461,-0.00158005676588212,1,0.99482892366106,0.642919955088875,2036,42,0.652127473237008,-0.396273954017976,0,2381,0,2381,44,0,,,0,0,0,211,0.967024564743042
FIRE,2d,gam_k3_tp_gauss,gam_pure,3,tp,gaussian,,,10,0.0999374789592651,0.976120708131937,-0.000528492549530815,1,0.998038428267779,0.762586110146579,2036,42,0.765620044659339,0.420165251934262,0,2381,2381,0,44,2,1.79271015703055,,211,0,0,0,6.86983776092529
FIRE,2d,gam_k6_cr_gamma,gam_pure,6,cr,Gamma,,,10,0.0999374789592651,0.976819441824039,-0.000737829831807769,1,0.998215632082708,0.769533095205023,2036,42,0.773483585567699,0.323666417905987,0,2381,2381,0,44,0,3.52422728518211,,211,0,0,0,6.80954718589783
FIRE,2d,gam_k6_cr_gauss,gam_pure,6,cr,gaussian,,,10,0.0999374789592651,0.977066275916018,-0.000455923656477547,1,0.998213940711647,0.771987181458874,2036,42,0.775961753483264,0.323402560434848,0,2381,2381,0,44,0,3.50393171398535,,211,0,0,0,5.40585708618164
FIRE,2d,gam_k6_ps_gauss,gam_pure,6,ps,gaussian,,,10,0.0999374789592651,0.976907443335826,-0.00038746218069986,1,0.998172231840681,0.770408028236609,2036,42,0.7747691906946,0.278191408073007,0,2381,2381,0,44,1,2.975601106684,,211,0,0,0,6.25020909309387
FIRE,2d,gam_k6_tp_gauss,gam_pure,6,tp,gaussian,,,10,0.0999374789592651,0.977078035147532,-0.000465156733212572,1,0.998200096215712,0.772104094678527,2036,42,0.776156576992412,0.314726235672506,0,2381,2381,0,44,0,3.45926498524887,,211,0,0,0,6.31914043426514
FIRE,2d,loess_s0.30_d1,pure,,,,0.3,1,,0.0999374789592651,0.97635939852752,-0.000433579858229518,1,0.998099511693316,0.764959229734842,2036,42,0.77535345037781,-0.408170229073138,0,2381,2337,44,0,,,26.6090047393365,0,0,0,0,0.437407493591309
FIRE,2d,loess_s0.30_d2,pure,,,,0.3,2,,0.0999374789592651,0.976343085753522,0.000117112428085537,1,0.998058454866019,0.76479704405737,2036,42,0.775142746984535,-0.402856529291086,0,2381,2337,44,0,,,26.6090047393365,0,0,0,0,0.432692766189575
FIRE,2d,loess_s0.50_d1,pure,,,,0.5,1,,0.0999374789592651,0.976054698198855,-0.0010893213893971,1,0.998026930091555,0.761929822888625,2036,42,0.772333943892002,-0.412317026520111,0,2381,2337,44,0,,,44.3483412322275,0,0,0,0,0.413561344146729
FIRE,2d,loess_s0.50_d2,pure,,,,0.5,2,,0.0999374789592651,0.976263679723916,0.000372009883859109,1,0.998051331672389,0.764007569458593,2036,42,0.774387823375389,-0.407545553953172,0,2381,2337,44,0,,,44.3483412322275,0,0,0,0,0.427711486816406
FIRE,2d,loess_s0.75_d1,pure,,,,0.75,1,,0.0999374789592651,0.975418963177953,-0.00161426725699387,1,0.997907140565845,0.755609186369661,2036,42,0.765970190536804,-0.413771340445559,0,2381,2337,44,0,,,66.5225118483413,0,0,0,0,0.418484210968018
FIRE,2d,loess_s0.75_d2,pure,,,,0.75,2,,0.0999374789592651,0.976197483712772,-0.000241927576870784,1,0.998055672974762,0.763349432166035,2036,42,0.77373035199413,-0.408278848411314,0,2381,2337,44,0,,,66.5225118483413,0,0,0,0,0.426709890365601
FIRE,2d,loess_s1.00_d1,pure,,,,1,1,,0.0999374789592651,0.974608824222543,-0.00192520031616977,1,0.997809345695462,0.747554582330792,2036,42,0.757857313679331,-0.415249062724882,0,2381,2337,44,0,,,88.696682464455,0,0,0,0,0.411077260971069
FIRE,2d,loess_s1.00_d2,pure,,,,1,2,,0.0999374789592651,0.975960963826577,-0.000520035224397747,1,0.997960340634654,0.760997892324753,2036,42,0.771433078661655,-0.416755103351009,0,2381,2337,44,0,,,88.696682464455,0,0,0,0,0.421682357788086
FIRE,2d,nofill,nofill,,,,,,,0.0999374789592651,0.899419145683489,-0.100580854316511,0.900062521040735,0.995327248630629,0,2036,42,0,0,2078,2381,,0,0,0,,,0,0,0,0,0.0138454437255859
FIRE,2d,pop_k6_cr,gam_pop,6,cr,gaussian,,,10,0.0999374789592651,0.974391428038092,-0.000566381152203673,1,0.997718624782571,0.745393175113399,2036,42,0.748177462233861,0.43114842748026,0,2381,2381,0,44,3,4.97134064841705,,211,0,0,0,1.450199842453
FIRE,2d,pop_k6_cr_mv6,gam_pop,6,cr,gaussian,,,6,0.0999374789592651,0.974391428038092,-0.000566381152203673,1,0.997718624782571,0.745393175113399,2036,42,0.748177462233861,0.43114842748026,0,2381,2381,0,44,3,4.97134064841705,,211,0,0,0,2.47426390647888
FIRE,2d,router_k6_cr,gam_router,6,cr,gaussian,,,10,0.0999374789592651,0.976285140180623,-0.000499647390925133,1,0.998051386034729,0.764220934684545,2036,42,0.768802603861177,0.247117126112209,0,2381,2187,0,44,0,3.50890381004274,,197,14,0,0,6.42773175239563
FIRE,5d,gam_k15_cr_gamma,gam_pure,15,cr,Gamma,,,10,0.0997931996344924,0.976893247302738,-0.00189445131762649,1,0.997252224603178,0.774833646288086,2035,40,0.777215969579886,0.562412589249381,0,2378,2378,0,40,0,4.5012289693514,,211,0,0,0,7.52677249908447
FIRE,5d,gam_k15_cr_gauss,gam_pure,15,cr,gaussian,,,10,0.0997931996344924,0.977191608894936,-0.00145499442668352,1,0.997414491665263,0.777741064421784,2035,40,0.780593465321032,0.523405300589091,0,2378,2378,0,40,1,4.54512648663738,,211,0,0,0,6.03066396713257
FIRE,5d,gam_k15_ps_gauss,gam_pure,15,ps,gaussian,,,10,0.0997931996344924,0.977229678705083,-0.00158604258083317,1,0.997442802419203,0.778112039973801,2035,40,0.780955383273598,0.524583901561336,0,2378,2378,0,40,1,4.1124610499819,,211,0,0,0,6.26859855651856
FIRE,5d,gam_k15_tp_gauss,gam_pure,15,tp,gaussian,,,10,0.0997931996344924,0.977244704140081,-0.00138345842045411,1,0.997450682025092,0.778258457017164,2035,40,0.781108008110573,0.524176797558425,0,2378,2378,0,40,0,4.36455412745666,,211,0,0,0,6.46206045150757
FIRE,5d,gam_k3_cr_gauss,gam_pure,3,cr,gaussian,,,10,0.0997931996344924,0.976186870386126,-0.00280202448367523,1,0.996930399152906,0.767950276878995,2035,40,0.770849329778751,0.509454763907694,0,2378,2378,0,40,6,1.79426985742015,,211,0,0,0,7.48856091499329
FIRE,5d,gam_k3_ps_gauss,gam_pure,3,ps,gaussian,,,10,0.0997931996344924,0.965771760561554,-0.00420634767095442,1,0.991165478000935,0.666459066347018,2035,40,0.672988845211467,0.0842280427956302,0,2378,0,2378,40,0,,,0,0,0,211,0.91230320930481
FIRE,5d,gam_k3_tp_gauss,gam_pure,3,tp,gaussian,,,10,0.0997931996344924,0.976210092172871,-0.00272179288966067,1,0.996934960247571,0.768176564194934,2035,40,0.771091648681601,0.50825158669653,0,2378,2378,0,40,6,1.79404018258632,,211,0,0,0,6.8353283405304
FIRE,5d,gam_k6_cr_gamma,gam_pure,6,cr,Gamma,,,10,0.0997931996344924,0.976617491542163,-0.00236816962259183,1,0.997206143865114,0.772146513226287,2035,40,0.77439206353642,0.571920888033404,0,2378,2378,0,40,0,3.46822838952246,,211,0,0,0,6.56106281280518
FIRE,5d,gam_k6_cr_gauss,gam_pure,6,cr,gaussian,,,10,0.0997931996344924,0.977078358703906,-0.00195380697794926,1,0.997437523317066,0.776637485182175,2035,40,0.779230631436341,0.545418292446408,0,2378,2378,0,40,0,3.44661204451662,,211,0,0,0,5.16741943359375
FIRE,5d,gam_k6_ps_gauss,gam_pure,6,ps,gaussian,,,10,0.0997931996344924,0.976914262084587,-0.00198662997046526,1,0.997303145492236,0.775038427196294,2035,40,0.777725605116985,0.535434853521431,0,2378,2378,0,40,1,2.91611306100641,,211,0,0,0,6.00049948692322
FIRE,5d,gam_k6_tp_gauss,gam_pure,6,tp,gaussian,,,10,0.0997931996344924,0.977070428745283,-0.00193802790975377,1,0.99741019353385,0.776560210807381,2035,40,0.779249460004411,0.536771950733815,0,2378,2378,0,40,0,3.41518394347497,,211,0,0,0,6.31163382530212
FIRE,5d,loess_s0.30_d1,pure,,,,0.3,1,,0.0997931996344924,0.976704361002643,-0.0020643685682099,1,0.997347334012304,0.772993022466306,2035,40,0.780591485488368,0.0954722373690841,0,2378,2338,40,0,,,26.6132701421801,0,0,0,0,0.406984806060791
FIRE,5d,loess_s0.30_d2,pure,,,,0.3,2,,0.0997931996344924,0.976469516053229,-0.00105838381469487,1,0.997268332569778,0.770704549410835,2035,40,0.778226641047261,0.0999934574060676,0,2378,2338,40,0,,,26.6132701421801,0,0,0,0,0.412961721420288
FIRE,5d,loess_s0.50_d1,pure,,,,0.5,1,,0.0997931996344924,0.976241071724677,-0.00312645272104263,1,0.997024283369906,0.768478447926121,2035,40,0.776029969902207,0.0951431848523024,0,2378,2338,40,0,,,44.3554502369668,0,0,0,0,0.386679887771606
FIRE,5d,loess_s0.50_d2,pure,,,,0.5,2,,0.0997931996344924,0.976790414677692,-0.000993544235814058,1,0.997356172407452,0.77383158219333,2035,40,0.781410704153368,0.098035352639639,0,2378,2338,40,0,,,44.3554502369668,0,0,0,0,0.400906085968018
FIRE,5d,loess_s0.75_d1,pure,,,,0.75,1,,0.0997931996344924,0.975645298252428,-0.00390778016265693,1,0.996749595677993,0.762672866235689,2035,40,0.77016402277978,0.0947201173307259,0,2378,2338,40,0,,,66.5331753554503,0,0,0,0,0.417726755142212
FIRE,5d,loess_s0.75_d2,pure,,,,0.75,2,,0.0997931996344924,0.976395021227748,-0.00207312711316486,1,0.997059974118351,0.769978626195061,2035,40,0.777542228075357,0.0955662523738788,0,2378,2338,40,0,,,66.5331753554503,0,0,0,0,0.391414880752564
FIRE,5d,loess_s1.00_d1,pure,,,,1,1,,0.0997931996344924,0.97494529577425,-0.00447119985623133,1,0.996476068470539,0.75585161325974,2035,40,0.763268362719641,0.0945334095188569,0,2378,2338,40,0,,,88.7109004739336,0,0,0,0,0.406686544418335
FIRE,5d,loess_s1.00_d2,pure,,,,1,2,,0.0997931996344924,0.976103780897322,-0.00259998221038268,1,0.996856064669485,0.767140601998632,2035,40,0.77468186464387,0.0947201173307259,0,2378,2338,40,0,,,88.7109004739336,0,0,0,0,0.418906927108765
FIRE,5d,nofill,nofill,,,,,,,0.0997931996344924,0.897379194021033,-0.102620805978968,0.900206800365508,0.989671438589303,0,2035,40,0,0,2075,2378,,0,0,0,,,0,0,0,0,0.0133345127105713
FIRE,5d,pop_k6_cr,gam_pop,6,cr,gaussian,,,10,0.0997931996344924,0.974873949171998,-0.000892680869654971,1,0.996554214032968,0.755156368259751,2035,40,0.756540167599776,0.631769202651634,0,2378,2378,0,40,0,4.97136918426127,,211,0,0,0,1.15896821022034
FIRE,5d,pop_k6_cr_mv6,gam_pop,6,cr,gaussian,,,6,0.0997931996344924,0.974873949171998,-0.000892680869654971,1,0.996554214032968,0.755156368259751,2035,40,0.756540167599776,0.631769202651634,0,2378,2378,0,40,0,4.97136918426127,,211,0,0,0,1.43938732147217
FIRE,5d,router_k6_cr,gam_router,6,cr,gaussian,,,10,0.0997931996344924,0.965862063014342,-0.00435035950301794,1,0.991317065774073,0.667339028767186,2035,40,0.673750656444164,0.0956430153965214,0,2378,0,0,40,0,,,0,211,0,0,3.10942673683167
FIRE,boundary,gam_k15_cr_gamma,gam_pure,15,cr,Gamma,,,10,0.0999855720675227,0.966062850523604,0.0202010879365928,1,0.994725880753358,0.510030112684663,0,2079,,0.510030112684663,0,2382,2382,0,2202,0,3.39171691774098,,211,0,0,0,7.81991910934448
FIRE,boundary,gam_k15_cr_gauss,gam_pure,15,cr,gaussian,,,10,0.0999855720675227,0.967048175972529,0.0171190662829366,1,0.994192638816374,0.524255815391801,0,2079,,0.524255815391801,0,2382,2382,0,2202,15,3.96444802428401,,211,0,0,0,6.21517300605774
FIRE,boundary,gam_k15_ps_gauss,gam_pure,15,ps,gaussian,,,10,0.0999855720675227,0.967028043499219,0.0169261959587829,1,0.994173694410149,0.523965151448852,0,2079,,0.523965151448852,0,2382,2382,0,2202,15,3.66834340761476,,211,0,0,0,6.55769371986389
FIRE,boundary,gam_k15_tp_gauss,gam_pure,15,tp,gaussian,,,10,0.0999855720675227,0.967822406777105,0.0157791736795514,1,0.994915635141051,0.535433824916084,0,2079,,0.535433824916084,0,2382,2382,0,2202,15,3.72116385865427,,211,0,0,0,6.92418479919434
FIRE,boundary,gam_k3_cr_gauss,gam_pure,3,cr,gaussian,,,10,0.0999855720675227,0.965891244470406,0.0202932717468523,1,0.995408638835184,0.507552538703197,0,2079,,0.507552538703197,0,2382,2382,0,2202,22,1.69013376491627,,211,0,0,0,7.72579717636108
FIRE,boundary,gam_k3_ps_gauss,gam_pure,3,ps,gaussian,,,10,0.0999855720675227,0.94374023766615,0.0322492682556446,1,0.995629528554903,0.187745882126121,0,2079,,0.187745882126121,0,2382,0,2382,2202,0,,,0,0,0,211,0.920097351074219
FIRE,boundary,gam_k3_tp_gauss,gam_pure,3,tp,gaussian,,,10,0.0999855720675227,0.965871529832887,0.020336872859992,1,0.995429367788803,0.5072679072927,0,2079,,0.5072679072927,0,2382,2382,0,2202,22,1.6899958276619,,211,0,0,0,6.22670674324036
FIRE,boundary,gam_k6_cr_gamma,gam_pure,6,cr,Gamma,,,10,0.0999855720675227,0.966358851864907,0.0204663107951714,1,0.995078988701647,0.51430365203847,0,2079,,0.51430365203847,0,2382,2382,0,2202,0,2.83617331023568,,211,0,0,0,6.77343797683716
FIRE,boundary,gam_k6_cr_gauss,gam_pure,6,cr,gaussian,,,10,0.0999855720675227,0.96811069972382,0.0161583345157655,1,0.995436772647927,0.53959607380248,0,2079,,0.53959607380248,0,2382,2382,0,2202,10,2.98410168083368,,211,0,0,0,5.47089910507202
FIRE,boundary,gam_k6_ps_gauss,gam_pure,6,ps,gaussian,,,10,0.0999855720675227,0.966471551783384,0.0174580569103121,1,0.994379316917376,0.515930764722034,0,2079,,0.515930764722034,0,2382,2382,0,2202,4,2.43861333416035,,211,0,0,0,5.77450180053711
FIRE,boundary,gam_k6_tp_gauss,gam_pure,6,tp,gaussian,,,10,0.0999855720675227,0.967513801974332,0.0171992661524754,1,0.9952907953222,0.530978322236201,0,2079,,0.530978322236201,0,2382,2382,0,2202,10,2.91267281685206,,211,0,0,0,6.34688353538513
FIRE,boundary,loess_s0.30_d1,pure,,,,0.3,1,,0.0999855720675227,0.943707568589272,0.0323686093959507,1,0.995639020100645,0.187274220122589,0,2079,,0.187274220122589,0,2382,180,2202,0,,,26.6075829383886,0,0,0,0,0.43024468421936
FIRE,boundary,loess_s0.30_d2,pure,,,,0.3,2,,0.0999855720675227,0.943764785668614,0.0322620592410456,1,0.995674307973619,0.188100295569407,0,2079,,0.188100295569407,0,2382,180,2202,0,,,26.6075829383886,0,0,0,0,0.44681453704834
FIRE,boundary,loess_s0.50_d1,pure,,,,0.5,1,,0.0999855720675227,0.943685470301286,0.0324170593821452,1,0.995644166627564,0.186955174597505,0,2079,,0.186955174597505,0,2382,180,2202,0,,,44.345971563981,0,0,0,0,0.420505523681641
FIRE,boundary,loess_s0.50_d2,pure,,,,0.5,2,,0.0999855720675227,0.943677736137453,0.0324138683456343,1,0.995642015696913,0.186843512084879,0,2079,,0.186843512084879,0,2382,180,2202,0,,,44.345971563981,0,0,0,0,0.429941892623901
FIRE,boundary,loess_s0.75_d1,pure,,,,0.75,1,,0.0999855720675227,0.943662809540086,0.0324509350121181,1,0.995631325864978,0.186628008327423,0,2079,,0.186628008327423,0,2382,180,2202,0,,,66.5189573459716,0,0,0,0,0.417063236236572
FIRE,boundary,loess_s0.75_d2,pure,,,,0.75,2,,0.0999855720675227,0.943681713253714,0.0324283622600058,1,0.995644430551235,0.186900931969475,0,2079,,0.186900931969475,0,2382,180,2202,0,,,66.5189573459716,0,0,0,0,0.424185037612915
FIRE,boundary,loess_s1.00_d1,pure,,,,1,1,,0.0999855720675227,0.943647420553267,0.0324805696001579,1,0.995639835998896,0.186405828791015,0,2079,,0.186405828791015,0,2382,180,2202,0,,,88.6919431279621,0,0,0,0,0.413706302642822
FIRE,boundary,loess_s1.00_d2,pure,,,,1,2,,0.0999855720675227,0.943674482508871,0.0324346319168978,1,0.99564002179657,0.186796537602517,0,2079,,0.186796537602517,0,2382,180,2202,0,,,88.6919431279621,0,0,0,0,0.413429737091064
FIRE,boundary,nofill,nofill,,,,,,,0.0999855720675227,0.9307362547067,-0.0692637452933,0.900014427932477,0.996708033538329,0,0,2079,,0,2079,2382,,0,0,0,,,0,0,0,0,0.0137152671813965
FIRE,boundary,pop_k6_cr,gam_pop,6,cr,gaussian,,,10,0.0999855720675227,0.968706702865416,0.0094885193459042,1,0.996855225549375,0.548200909406922,0,2079,,0.548200909406922,0,2382,2382,0,2202,12,4.93170324060409,,211,0,0,0,1.11443328857422
FIRE,boundary,pop_k6_cr_mv6,gam_pop,6,cr,gaussian,,,6,0.0999855720675227,0.968706702865416,0.0094885193459042,1,0.996855225549375,0.548200909406922,0,2079,,0.548200909406922,0,2382,2382,0,2202,12,4.93170324060409,,211,0,0,0,1.2139687538147
FIRE,boundary,router_k6_cr,gam_router,6,cr,gaussian,,,10,0.0999855720675227,0.943446286045243,0.0324686490204738,1,0.995473563094162,0.183501935748952,0,2079,,0.183501935748952,0,2382,0,0,2202,0,,,0,211,0,0,1.3078408241272
FIRE,random,gam_k15_cr_gamma,gam_pure,15,cr,Gamma,,,10,0.0999855720675227,0.975684489666974,-0.000461105834275086,1,0.998149498652838,0.755304091801961,2031,48,0.763146641655567,0.0470722602400721,0,2382,2382,0,52,0,4.49314618137925,,211,0,0,0,7.53330636024475
FIRE,random,gam_k15_cr_gauss,gam_pure,15,cr,gaussian,,,10,0.0999855720675227,0.975807182860846,-0.00011129083332989,1,0.998159301798109,0.756538798460103,2031,48,0.763860065732547,0.095382079471136,0,2382,2382,0,52,2,4.31451407836444,,211,0,0,0,5.95508313179016
FIRE,random,gam_k15_ps_gauss,gam_pure,15,ps,gaussian,,,10,0.0999855720675227,0.975748468015669,-0.000160670769142455,1,0.998168892279399,0.755947929415261,2031,48,0.763072225313827,0.112578970720017,0,2382,2382,0,52,3,4.01149161823305,,211,0,0,0,6.18136215209961
FIRE,random,gam_k15_tp_gauss,gam_pure,15,tp,gaussian,,,10,0.0999855720675227,0.975802172731501,-0.000115789695430502,1,0.998163859675318,0.75648837968897,2031,48,0.763766321329847,0.0992442391306042,0,2382,2382,0,52,0,4.30864763959015,,211,0,0,0,6.46597981452942
FIRE,random,gam_k3_cr_gauss,gam_pure,3,cr,gaussian,,,10,0.0999855720675227,0.974679477532723,-0.000168816238993161,1,0.998047809631591,0.74519028569333,2031,48,0.753156563145618,0.0257850697774839,0,2382,2382,0,52,4,1.7824443336977,,211,0,0,0,7.64363598823547
FIRE,random,gam_k3_ps_gauss,gam_pure,3,ps,gaussian,,,10,0.0999855720675227,0.963787803082293,-0.000849104225751426,1,0.996447735796834,0.635583366696221,2031,48,0.646052675127947,-0.309861370563366,0,2382,0,2382,52,0,,,0,0,0,211,0.911251783370972
FIRE,random,gam_k3_tp_gauss,gam_pure,3,tp,gaussian,,,10,0.0999855720675227,0.974682598313219,-0.000153336053954546,1,0.998047942593905,0.745221691253296,2031,48,0.753202630685083,0.0244924058971255,0,2382,2382,0,52,3,1.78259768854201,,211,0,0,0,7.13748621940613
FIRE,random,gam_k6_cr_gamma,gam_pure,6,cr,Gamma,,,10,0.0999855720675227,0.975598332138843,-0.00056894234775923,1,0.998128011754933,0.754437056962656,2031,48,0.762309461121643,0.0435091928890295,0,2382,2382,0,52,0,3.48260081044694,,211,0,0,0,6.66735553741455
FIRE,random,gam_k6_cr_gauss,gam_pure,6,cr,gaussian,,,10,0.0999855720675227,0.975661191076944,-0.000261768220733839,1,0.99815947058716,0.755069629536143,2031,48,0.762344777250752,0.0980777981826727,0,2382,2382,0,52,0,3.41784238480109,,211,0,0,0,5.26844143867493
FIRE,random,gam_k6_ps_gauss,gam_pure,6,ps,gaussian,,,10,0.0999855720675227,0.97531938778919,-0.00027354105642619,1,0.998106771977791,0.751629937554501,2031,48,0.759069662064537,0.0797757811366441,0,2382,2382,0,52,1,2.89558227039454,,211,0,0,0,5.81525135040283
FIRE,random,gam_k6_tp_gauss,gam_pure,6,tp,gaussian,,,10,0.0999855720675227,0.97562705738136,-0.000233314941115657,1,0.998167418570307,0.75472612962491,2031,48,0.762121611185611,0.086867391231374,0,2382,2382,0,52,0,3.39129522480039,,211,0,0,0,6.20035672187805
FIRE,random,loess_s0.30_d1,pure,,,,0.3,1,,0.0999855720675227,0.975389006820906,-0.0004635130754135,1,0.997999439076466,0.752330539432083,2031,48,0.764205827059791,-0.320083007678436,0,2382,2330,52,0,,,26.6075829383886,0,0,0,0,0.486774682998657
FIRE,random,loess_s0.30_d2,pure,,,,0.3,2,,0.0999855720675227,0.975449412413966,0.000149524035635445,1,0.998009965802968,0.752938423093651,2031,48,0.764843682132265,-0.322181731897747,0,2382,2330,52,0,,,26.6075829383886,0,0,0,0,0.440862894058228
FIRE,random,loess_s0.50_d1,pure,,,,0.5,1,,0.0999855720675227,0.974874471457258,-0.000939137451652542,1,0.997963054885512,0.74715258115017,2031,48,0.758981246778625,-0.321050704688301,0,2382,2330,52,0,,,44.345971563981,0,0,0,0,0.415629863739014
FIRE,random,loess_s0.50_d2,pure,,,,0.5,2,,0.0999855720675227,0.975341090185835,0.000272466644580788,1,0.99802715363587,0.751848336740223,2031,48,0.763726950223671,-0.320865556169264,0,2382,2330,52,0,,,44.345971563981,0,0,0,0,0.424489498138428
FIRE,random,loess_s0.75_d1,pure,,,,0.75,1,,0.0999855720675227,0.974263436975898,-0.00121897056803774,1,0.99789850839578,0.741003516815965,2031,48,0.752772682826596,-0.321826577382621,0,2382,2330,52,0,,,66.5189573459716,0,0,0,0,0.410013437271118
FIRE,random,loess_s0.75_d2,pure,,,,0.75,2,,0.0999855720675227,0.975059176204626,-0.000438367199158581,1,0.997966408222668,0.749011332839381,2031,48,0.7608824523257,-0.323025804753093,0,2382,2330,52,0,,,66.5189573459716,0,0,0,0,0.422244071960449
FIRE,random,loess_s1.00_d1,pure,,,,1,1,,0.0999855720675227,0.973474998012129,-0.00127326857886335,1,0.997850874346876,0.73306916603921,2031,48,0.744755271466618,-0.322260032394041,0,2382,2330,52,0,,,88.6919431279621,0,0,0,0,0.40739893913269
FIRE,random,loess_s1.00_d2,pure,,,,1,2,,0.0999855720675227,0.974697793897777,-0.000536642649945063,1,0.997897935060953,0.74537460999993,2031,48,0.757225544198498,-0.324839668499365,0,2382,2330,52,0,,,88.6919431279621,0,0,0,0,0.425264358520508
FIRE,random,nofill,nofill,,,,,,,0.0999855720675227,0.900629681501063,-0.0993703184989373,0.900014427932477,0.981152399601691,0,2031,48,0,0,2079,2382,,0,0,0,,,0,0,0,0,0.0174593925476074
FIRE,random,pop_k6_cr,gam_pop,6,cr,gaussian,,,10,0.0999855720675227,0.97303831060555,-0.000249578626345744,1,0.997932245862792,0.728674620332043,2031,48,0.734283889098943,0.222122189469576,0,2382,2382,0,52,3,4.97171486071772,,211,0,0,0,2.45826697349548
FIRE,random,pop_k6_cr_mv6,gam_pop,6,cr,gaussian,,,6,0.0999855720675227,0.97303831060555,-0.000249578626345744,1,0.997932245862792,0.728674620332043,2031,48,0.734283889098943,0.222122189469576,0,2382,2382,0,52,3,4.97171486071772,,211,0,0,0,2.29298758506775
FIRE,random,router_k6_cr,gam_router,6,cr,gaussian,,,10,0.0999855720675227,0.974793945130483,-0.000033164552965339,1,0.997952389774336,0.746342215157674,2031,48,0.754330632112784,0.0249376621733277,0,2382,2169,0,52,0,3.41626458071805,,197,14,0,0,6.13966131210327
