device,pattern,arm,kind,span,degree,rate_realised,mean_span_pts,acc,bias,coverage,adfi_r,acc_affected,n_gap,n_loess,n_fallback,n_branch_loess,n_branch_fcr,n_branch_skip,n_fit_failed,n_na_days,runtime_s
FIRE,14d,prod,prod,0.3,2,0.0996489203097196,27.7105263157895,0.964042599348523,-0.00273313383636683,1,0.979008779980931,0.650021493211733,2375,,,38,151,22,0,0,2.22244739532471
FIRE,14d,pure_s0.10_d1,pure,0.1,1,0.0996489203097196,8.82169312169312,0.968288555481781,-0.00111971847786677,1,0.985497084832273,0.691347989579181,2375,2319,56,189,0,0,0,0,0.420149087905884
FIRE,14d,pure_s0.10_d2,pure,0.1,2,0.0996489203097196,8.82169312169312,0.955926283319757,0.00618538565408557,1,0.964892283430069,0.571024232205532,2375,2319,56,189,0,0,0,0,0.384891033172607
FIRE,14d,pure_s0.20_d1,pure,0.2,1,0.0996489203097196,17.6433862433862,0.9727494513876,-0.00245099940037326,1,0.990846593180873,0.734766525395738,2375,2319,56,189,0,0,0,0,0.364862442016602
FIRE,14d,pure_s0.20_d2,pure,0.2,2,0.0996489203097196,17.6433862433862,0.969645697187625,-0.000594750720178285,1,0.985267000952121,0.704557243282334,2375,2319,56,189,0,0,0,0,0.352655172348022
FIRE,14d,pure_s0.30_d1,pure,0.3,1,0.0996489203097196,26.4650793650794,0.974566014103238,-0.0036134421171507,1,0.993181576411523,0.752447389284327,2375,2319,56,189,0,0,0,0,0.343301296234131
FIRE,14d,pure_s0.30_d2,pure,0.3,2,0.0996489203097196,26.4650793650794,0.974248094692034,-0.00214819403045054,1,0.992394617910789,0.749353034331067,2375,2319,56,189,0,0,0,0,0.371401786804199
FIRE,14d,pure_s0.50_d1,pure,0.5,1,0.0996489203097196,44.1084656084656,0.975444680544581,-0.00496324241084603,1,0.994483707188721,0.760999575024523,2375,2319,56,189,0,0,0,0,0.324161052703857
FIRE,14d,pure_s0.50_d2,pure,0.5,2,0.0996489203097196,44.1084656084656,0.975224934397799,-0.00301093834254273,1,0.993716150045355,0.758860754449898,2375,2319,56,189,0,0,0,0,0.356588125228882
FIRE,14d,pure_s0.75_d1,pure,0.75,1,0.0996489203097196,66.1626984126984,0.975459327092223,-0.00540262778565728,1,0.994687987867285,0.761142131960801,2375,2319,56,189,0,0,0,0,0.331264972686768
FIRE,14d,pure_s0.75_d2,pure,0.75,2,0.0996489203097196,66.1626984126984,0.975745878195084,-0.00288085991179942,1,0.994274370235819,0.763931174696949,2375,2319,56,189,0,0,0,0,0.34044337272644
FIRE,14d,pure_s1.00_d1,pure,1,1,0.0996489203097196,88.2169312169312,0.975015051594526,-0.00565270510648705,1,0.994259720167061,0.756817935203817,2375,2319,56,189,0,0,0,0,0.332473754882813
FIRE,14d,pure_s1.00_d2,pure,1,2,0.0996489203097196,88.2169312169312,0.975883902291513,-0.00288127111474731,1,0.994555380242669,0.765274582904822,2375,2319,56,189,0,0,0,0,0.339408874511719
FIRE,14d,raw_zero_s0.30_d2,raw_zero,0.3,2,0.0996489203097196,29.2842857142857,0.897258260281594,-0.102741739718407,1,0.919597904969497,0,303,303,0,140,0,0,0,0,0.275715827941895
FIRE,5d,prod,prod,0.3,2,0.0997931996344924,,0.965862063014342,-0.00435035950301794,1,0.991317065774073,0.667339028767186,2378,,,0,211,0,0,0,2.87021541595459
FIRE,5d,pure_s0.10_d1,pure,0.1,1,0.0997931996344924,8.87109004739336,0.972874628983435,-0.000698858372577643,1,0.995314195301712,0.735673767538679,2378,2338,40,211,0,0,0,0,0.392499446868897
FIRE,5d,pure_s0.10_d2,pure,0.1,2,0.0997931996344924,8.87109004739336,0.968622396034502,0.000233188886327026,1,0.992245827159522,0.694237404723471,2378,2338,40,211,0,0,0,0,0.41364312171936
FIRE,5d,pure_s0.20_d1,pure,0.2,1,0.0997931996344924,17.7421800947867,0.976588878330574,-0.00174667786139986,1,0.997322946950518,0.771867688563815,2378,2338,40,211,0,0,0,0,0.392444610595703
FIRE,5d,pure_s0.20_d2,pure,0.2,2,0.0997931996344924,17.7421800947867,0.976170804168583,-0.00131999601241639,1,0.997052091610904,0.76779371781293,2378,2338,40,211,0,0,0,0,0.382315874099731
FIRE,5d,pure_s0.30_d1,pure,0.3,1,0.0997931996344924,26.6132701421801,0.976704361002643,-0.0020643685682099,1,0.997347334012304,0.772993022466306,2378,2338,40,211,0,0,0,0,0.379562854766846
FIRE,5d,pure_s0.30_d2,pure,0.3,2,0.0997931996344924,26.6132701421801,0.976469516053229,-0.00105838381469487,1,0.997268332569778,0.770704549410835,2378,2338,40,211,0,0,0,0,0.400926828384399
FIRE,5d,pure_s0.50_d1,pure,0.5,1,0.0997931996344924,44.3554502369668,0.976241071724677,-0.00312645272104263,1,0.997024283369906,0.768478447926121,2378,2338,40,211,0,0,0,0,0.389584064483643
FIRE,5d,pure_s0.50_d2,pure,0.5,2,0.0997931996344924,44.3554502369668,0.976790414677692,-0.000993544235814058,1,0.997356172407452,0.77383158219333,2378,2338,40,211,0,0,0,0,0.395543575286865
FIRE,5d,pure_s0.75_d1,pure,0.75,1,0.0997931996344924,66.5331753554503,0.975645298252428,-0.00390778016265693,1,0.996749595677993,0.762672866235689,2378,2338,40,211,0,0,0,0,0.361556053161621
FIRE,5d,pure_s0.75_d2,pure,0.75,2,0.0997931996344924,66.5331753554503,0.976395021227748,-0.00207312711316486,1,0.997059974118351,0.769978626195061,2378,2338,40,211,0,0,0,0,0.409669399261475
FIRE,5d,pure_s1.00_d1,pure,1,1,0.0997931996344924,88.7109004739336,0.97494529577425,-0.00447119985623133,1,0.996476068470539,0.75585161325974,2378,2338,40,211,0,0,0,0,0.360456228256226
FIRE,5d,pure_s1.00_d2,pure,1,2,0.0997931996344924,88.7109004739336,0.976103780897322,-0.00259998221038268,1,0.996856064669485,0.767140601998632,2378,2338,40,211,0,0,0,0,0.375785350799561
FIRE,5d,raw_zero_s0.30_d2,raw_zero,0.3,2,0.0997931996344924,29.2842857142857,0.897379194021033,-0.102620805978968,1,0.989671438589303,0,303,303,0,140,0,0,0,0,0.252545356750488
FIRE,boundary,prod,prod,0.3,2,0.0999855720675227,,0.943446286045243,0.0324686490204738,1,0.995473563094162,0.183501935748952,2382,,,0,211,0,0,0,1.10735034942627
FIRE,boundary,pure_s0.10_d1,pure,0.1,1,0.0999855720675227,8.86919431279621,0.94379515502978,0.0321833752104545,1,0.995673805518943,0.188538755272064,2382,180,2202,211,0,0,0,0,0.420871257781982
FIRE,boundary,pure_s0.10_d2,pure,0.1,2,0.0999855720675227,8.86919431279621,0.9437899681047,0.0321780617831391,1,0.995665115882855,0.188463868690955,2382,180,2202,211,0,0,0,0,0.435758590698242
FIRE,boundary,pure_s0.20_d1,pure,0.2,1,0.0999855720675227,17.7383886255924,0.943739630502144,0.0323020758014266,1,0.995648914101325,0.187737116154794,2382,180,2202,211,0,0,0,0,0.417150735855103
FIRE,boundary,pure_s0.20_d2,pure,0.2,2,0.0999855720675227,17.7383886255924,0.94377391698827,0.0322362380155324,1,0.995671634225686,0.188232129613579,2382,180,2202,211,0,0,0,0,0.412516117095947
FIRE,boundary,pure_s0.30_d1,pure,0.3,1,0.0999855720675227,26.6075829383886,0.943707568589272,0.0323686093959507,1,0.995639020100645,0.187274220122589,2382,180,2202,211,0,0,0,0,0.497397184371948
FIRE,boundary,pure_s0.30_d2,pure,0.3,2,0.0999855720675227,26.6075829383886,0.943764785668614,0.0322620592410456,1,0.995674307973619,0.188100295569407,2382,180,2202,211,0,0,0,0,0.42264199256897
FIRE,boundary,pure_s0.50_d1,pure,0.5,1,0.0999855720675227,44.345971563981,0.943685470301286,0.0324170593821452,1,0.995644166627564,0.186955174597505,2382,180,2202,211,0,0,0,0,0.418407201766968
FIRE,boundary,pure_s0.50_d2,pure,0.5,2,0.0999855720675227,44.345971563981,0.943677736137453,0.0324138683456343,1,0.995642015696913,0.186843512084879,2382,180,2202,211,0,0,0,0,0.416559219360352
FIRE,boundary,pure_s0.75_d1,pure,0.75,1,0.0999855720675227,66.5189573459716,0.943662809540086,0.0324509350121181,1,0.995631325864978,0.186628008327423,2382,180,2202,211,0,0,0,0,0.396809339523315
FIRE,boundary,pure_s0.75_d2,pure,0.75,2,0.0999855720675227,66.5189573459716,0.943681713253714,0.0324283622600058,1,0.995644430551235,0.186900931969475,2382,180,2202,211,0,0,0,0,0.417699098587036
FIRE,boundary,pure_s1.00_d1,pure,1,1,0.0999855720675227,88.6919431279621,0.943647420553267,0.0324805696001579,1,0.995639835998896,0.186405828791015,2382,180,2202,211,0,0,0,0,0.393714666366577
FIRE,boundary,pure_s1.00_d2,pure,1,2,0.0999855720675227,88.6919431279621,0.943674482508871,0.0324346319168978,1,0.99564002179657,0.186796537602517,2382,180,2202,211,0,0,0,0,0.402245283126831
FIRE,boundary,raw_zero_s0.30_d2,raw_zero,0.3,2,0.0999855720675227,29.2842857142857,0.9307362547067,-0.0692637452933,1,0.996708033538329,0,303,303,0,140,0,0,0,0,0.254158735275269
FIRE,random,prod,prod,0.3,2,0.0999855720675227,26.6390862944162,0.974679473790605,0.000256526328763143,1,0.997806744054552,0.745190248035025,2382,,,197,14,0,0,0,0.992530584335327
FIRE,random,pure_s0.10_d1,pure,0.1,1,0.0999855720675227,8.86919431279621,0.975526512375645,0.00013224012048385,1,0.998141244826197,0.753714308316148,2382,2330,52,211,0,0,0,0,0.483650207519531
FIRE,random,pure_s0.10_d2,pure,0.1,2,0.0999855720675227,8.86919431279621,0.97443375963444,0.000533355099962339,1,0.998014243556623,0.74271753626478,2382,2330,52,211,0,0,0,0,0.406881809234619
FIRE,random,pure_s0.20_d1,pure,0.2,1,0.0999855720675227,17.7383886255924,0.975604218148223,-0.000151099510386801,1,0.99804580529079,0.754496290036167,2382,2330,52,211,0,0,0,0,0.38699221611023
FIRE,random,pure_s0.20_d2,pure,0.2,2,0.0999855720675227,17.7383886255924,0.97556095059086,0.000146635396094698,1,0.998085610388278,0.754060872720248,2382,2330,52,211,0,0,0,0,0.372681856155396
FIRE,random,pure_s0.30_d1,pure,0.3,1,0.0999855720675227,26.6075829383886,0.975389006820906,-0.0004635130754135,1,0.997999439076466,0.752330539432083,2382,2330,52,211,0,0,0,0,0.427317142486572
FIRE,random,pure_s0.30_d2,pure,0.3,2,0.0999855720675227,26.6075829383886,0.975449412413966,0.000149524035635445,1,0.998009965802968,0.752938423093651,2382,2330,52,211,0,0,0,0,0.395546913146973
FIRE,random,pure_s0.50_d1,pure,0.5,1,0.0999855720675227,44.345971563981,0.974874471457258,-0.000939137451652542,1,0.997963054885512,0.74715258115017,2382,2330,52,211,0,0,0,0,0.420983552932739
FIRE,random,pure_s0.50_d2,pure,0.5,2,0.0999855720675227,44.345971563981,0.975341090185835,0.000272466644580788,1,0.99802715363587,0.751848336740223,2382,2330,52,211,0,0,0,0,0.399049520492554
FIRE,random,pure_s0.75_d1,pure,0.75,1,0.0999855720675227,66.5189573459716,0.974263436975898,-0.00121897056803774,1,0.99789850839578,0.741003516815965,2382,2330,52,211,0,0,0,0,0.382023572921753
FIRE,random,pure_s0.75_d2,pure,0.75,2,0.0999855720675227,66.5189573459716,0.975059176204626,-0.000438367199158581,1,0.997966408222668,0.749011332839381,2382,2330,52,211,0,0,0,0,0.393715858459473
FIRE,random,pure_s1.00_d1,pure,1,1,0.0999855720675227,88.6919431279621,0.973474998012129,-0.00127326857886335,1,0.997850874346876,0.73306916603921,2382,2330,52,211,0,0,0,0,0.370446920394897
FIRE,random,pure_s1.00_d2,pure,1,2,0.0999855720675227,88.6919431279621,0.974697793897777,-0.000536642649945063,1,0.997897935060953,0.74537460999993,2382,2330,52,211,0,0,0,0,0.64683723449707
FIRE,random,raw_zero_s0.30_d2,raw_zero,0.3,2,0.0999855720675227,29.2842857142857,0.900629681501063,-0.0993703184989373,1,0.981152399601691,0,303,303,0,140,0,0,0,0,0.248771667480469
